env,source,obstacles,density,algorithm,success,nodes,time_s,precompute_s,nn_accuracy,length,min_clearance,mean_clearance,subopt_pct,note,val_acc,gate_on,reliable,node_red,speedup
empty,synthetic,0.0,0.0,A*,True,50.0,0.0007807000074535,0.0,,84.87048957087501,50.0,50.0,0.0,,,,False,1.0,1.0
empty,synthetic,0.0,0.0,wA* (w=1.2),True,50.0,0.000831699988339,0.0,,84.87048957087501,50.0,50.0,0.0,,,,False,1.0,0.9386798345550625
empty,synthetic,,,NACHA*-S (w=1.0),,,,,,,,,,no trained model,,,False,,
empty,synthetic,,,NACHA* (w=1.2),,,,,,,,,,no trained model,,,False,,
empty,synthetic,0.0,0.0,Oracle-risk (w=1.2),True,50.0,0.0010815000277943,0.0,,84.87048957087501,50.0,50.0,0.0,,,,False,1.0,0.7218677645766904
wall_xy,synthetic,2491.0,0.019928,A*,True,50.0,0.0008267000084742,0.0,0.941496,84.87048957087501,1.4142135623730951,12.05892556509888,0.0,,1.0,,True,1.0,1.0
wall_xy,synthetic,2491.0,0.019928,wA* (w=1.2),True,50.0,0.0008371000294573,0.0,0.941496,84.87048957087501,1.4142135623730951,12.05892556509888,0.0,,1.0,,True,1.0,0.9875761311466653
wall_xy,synthetic,2491.0,0.019928,NACHA*-S (w=1.0),True,901.0,0.0158052999759092,0.1322730999672785,0.941496,84.87048957087501,1.4142135623730951,12.05892556509888,0.0,,1.0,,True,0.05549389567147614,0.05230523999761315
wall_xy,synthetic,2491.0,0.019928,NACHA* (w=1.2),True,50.0,0.0022029000101611,0.1322730999672785,0.941496,84.87048957087501,1.4142135623730951,12.05892556509888,0.0,,1.0,,True,1.0,0.3752780446960653
wall_xy,synthetic,2491.0,0.019928,Oracle-risk (w=1.2),True,50.0,0.0015494999825023,0.0,0.941496,84.87048957087501,1.4142135623730951,12.05892556509888,0.0,,1.0,,True,1.0,0.5335269556693737
wall_xz,synthetic,2491.0,0.019928,A*,True,50.0,0.0008319999906234,0.0,0.958064,84.87048957087501,1.4142135623730951,12.05892556509888,0.0,,1.0,,True,1.0,1.0
wall_xz,synthetic,2491.0,0.019928,wA* (w=1.2),True,50.0,0.0009066999773494,0.0,0.958064,84.87048957087501,1.4142135623730951,12.05892556509888,0.0,,1.0,,True,1.0,0.917613335621366
wall_xz,synthetic,2491.0,0.019928,NACHA*-S (w=1.0),True,420.0,0.0077795999823138,0.1170750000164844,0.958064,84.87048957087501,1.4142135623730951,12.05892556509888,0.0,,1.0,,True,0.11904761904761904,0.10694637160199431
wall_xz,synthetic,2491.0,0.019928,NACHA* (w=1.2),True,50.0,0.0011281999759376,0.1170750000164844,0.958064,84.87048957087501,1.4142135623730951,12.05892556509888,0.0,,1.0,,True,1.0,0.7374579049533834
wall_xz,synthetic,2491.0,0.019928,Oracle-risk (w=1.2),True,50.0,0.0011837999918498,0.0,0.958064,84.87048957087501,1.4142135623730951,12.05892556509888,0.0,,1.0,,True,1.0,0.7028214194555965
random_sparse,synthetic,50.0,0.0004,A*,True,50.0,0.0008496000082232,0.0,0.547944,84.87048957087501,5.744562646538029,8.955505764952528,0.0,,0.550000011920929,,False,1.0,1.0
random_sparse,synthetic,50.0,0.0004,wA* (w=1.2),True,50.0,0.0008770999847911,0.0,0.547944,84.87048957087501,5.744562646538029,8.955505764952528,0.0,,0.550000011920929,,False,1.0,0.9686467027194742
random_sparse,synthetic,50.0,0.0004,NACHA*-S (w=1.0),True,3099.0,0.0596687999786809,0.1120746999513357,0.547944,84.87048957087501,5.744562646538029,8.955505764952528,0.0,,0.550000011920929,,False,0.016134236850596968,0.01423859719864911
random_sparse,synthetic,50.0,0.0004,NACHA* (w=1.2),True,50.0,0.0011628000065684,0.1120746999513357,0.547944,84.87048957087501,5.744562646538029,8.955505764952528,0.0,,0.550000011920929,,False,1.0,0.7306501577433758
random_sparse,synthetic,50.0,0.0004,Oracle-risk (w=1.2),True,50.0,0.0011703000054694,0.0,0.547944,84.87048957087501,5.744562646538029,8.955505764952528,0.0,,0.550000011920929,,False,1.0,0.7259677042233548
corridor,synthetic,93748.0,0.749984,A*,False,1.0,2.7799978852272037e-05,0.0,0.947424,,,,,,0.9975000023841858,,True,,
corridor,synthetic,93748.0,0.749984,wA* (w=1.2),False,1.0,3.439997090026736e-05,0.0,0.947424,,,,,,0.9975000023841858,,True,,
corridor,synthetic,93748.0,0.749984,NACHA*-S (w=1.0),False,1.0,4.210002953186631e-05,0.1276246999623254,0.947424,,,,,,0.9975000023841858,,True,,
corridor,synthetic,93748.0,0.749984,NACHA* (w=1.2),False,1.0,2.640002639964223e-05,0.1276246999623254,0.947424,,,,,,0.9975000023841858,,True,,
corridor,synthetic,93748.0,0.749984,Oracle-risk (w=1.2),False,1.0,3.120000474154949e-05,0.0,0.947424,,,,,,0.9975000023841858,,True,,
cube+corridor,synthetic,109373.0,0.874984,A*,False,1.0,3.250001464039087e-05,0.0,0.950496,,,,,,0.9725000262260437,,True,,
cube+corridor,synthetic,109373.0,0.874984,wA* (w=1.2),False,1.0,2.569996286183596e-05,0.0,0.950496,,,,,,0.9725000262260437,,True,,
cube+corridor,synthetic,109373.0,0.874984,NACHA*-S (w=1.0),False,1.0,2.5499961338937283e-05,0.158336499996949,0.950496,,,,,,0.9725000262260437,,True,,
cube+corridor,synthetic,109373.0,0.874984,NACHA* (w=1.2),False,1.0,3.090000245720148e-05,0.158336499996949,0.950496,,,,,,0.9725000262260437,,True,,
cube+corridor,synthetic,109373.0,0.874984,Oracle-risk (w=1.2),False,1.0,2.829998265951872e-05,0.0,0.950496,,,,,,0.9725000262260437,,True,,
wall_xy+wall_xz,synthetic,4935.0,0.03948,A*,True,50.0,0.0009892000234685,0.0,0.769448,84.87048957087501,1.4142135623730951,12.05892556509888,0.0,,0.9215686321258545,,True,1.0,1.0
wall_xy+wall_xz,synthetic,4935.0,0.03948,wA* (w=1.2),True,50.0,0.0008778000483289,0.0,0.769448,84.87048957087501,1.4142135623730951,12.05892556509888,0.0,,0.9215686321258545,,True,1.0,1.1269081442313384
wall_xy+wall_xz,synthetic,4935.0,0.03948,NACHA*-S (w=1.0),True,3100.0,0.0687040999764576,0.2010647000279277,0.769448,84.87048957087501,1.4142135623730951,12.05892556509888,0.0,,0.9215686321258545,,True,0.016129032258064516,0.014397976595391875
wall_xy+wall_xz,synthetic,4935.0,0.03948,NACHA* (w=1.2),True,50.0,0.0023353999713435,0.2010647000279277,0.769448,84.87048957087501,1.4142135623730951,12.05892556509888,0.0,,0.9215686321258545,,True,1.0,0.4235677124289064
wall_xy+wall_xz,synthetic,4935.0,0.03948,Oracle-risk (w=1.2),True,50.0,0.0012958000297658,0.0,0.769448,84.87048957087501,1.4142135623730951,12.05892556509888,0.0,,0.9215686321258545,,True,1.0,0.763389412521688
corridor+spheres,synthetic,100899.0,0.807192,A*,False,1.0,3.900000592693687e-05,0.0,0.915,,,,,,0.9714285731315613,,True,,
corridor+spheres,synthetic,100899.0,0.807192,wA* (w=1.2),False,1.0,2.670002868399024e-05,0.0,0.915,,,,,,0.9714285731315613,,True,,
corridor+spheres,synthetic,100899.0,0.807192,NACHA*-S (w=1.0),False,1.0,3.250001464039087e-05,0.1631938000209629,0.915,,,,,,0.9714285731315613,,True,,
corridor+spheres,synthetic,100899.0,0.807192,NACHA* (w=1.2),False,1.0,3.220001235604286e-05,0.1631938000209629,0.915,,,,,,0.9714285731315613,,True,,
corridor+spheres,synthetic,100899.0,0.807192,Oracle-risk (w=1.2),False,1.0,2.3100001271814108e-05,0.0,0.915,,,,,,0.9714285731315613,,True,,
random_dense+wall_xy,synthetic,2689.0,0.021512,A*,True,50.0,0.001398499996867,0.0,0.858184,84.87048957087501,1.0,3.8674617754261966,0.0,,0.7974137663841248,,True,1.0,1.0
random_dense+wall_xy,synthetic,2689.0,0.021512,wA* (w=1.2),True,50.0,0.0014776999596506,0.0,0.858184,84.87048957087501,1.0,3.8674617754261966,0.0,,0.7974137663841248,,True,1.0,0.9464032178749422
random_dense+wall_xy,synthetic,2689.0,0.021512,NACHA*-S (w=1.0),True,4299.0,0.0881250000093132,0.1915040999883785,0.858184,84.87048957087501,1.0,3.8674617754261966,0.0,,0.7974137663841248,,True,0.011630611770179112,0.015869503508870404
random_dense+wall_xy,synthetic,2689.0,0.021512,NACHA* (w=1.2),True,50.0,0.0011581999715417,0.1915040999883785,0.858184,84.87048957087501,1.0,3.8674617754261966,0.0,,0.7974137663841248,,True,1.0,1.2074771466324876
random_dense+wall_xy,synthetic,2689.0,0.021512,Oracle-risk (w=1.2),True,50.0,0.0021780999959446,0.0,0.858184,84.87048957087501,1.0,3.8674617754261966,0.0,,0.7974137663841248,,True,1.0,0.6420733664528095
random_sparse+random_dense,synthetic,250.0,0.002,A*,True,50.0,0.0015057999989949,0.0,0.539504,84.87048957087501,1.0,4.341859644710078,0.0,,0.6499999761581421,,False,1.0,1.0
random_sparse+random_dense,synthetic,250.0,0.002,wA* (w=1.2),True,50.0,0.0017224000184796,0.0,0.539504,84.87048957087501,1.0,4.341859644710078,0.0,,0.6499999761581421,,False,1.0,0.8742452292378065
random_sparse+random_dense,synthetic,250.0,0.002,NACHA*-S (w=1.0),True,6811.0,0.2009828999871388,0.1805199999944307,0.539504,84.87048957087501,1.0,4.341859644710078,0.0,,0.6499999761581421,,False,0.007341065922771986,0.007492179678426664
random_sparse+random_dense,synthetic,250.0,0.002,NACHA* (w=1.2),True,50.0,0.0018750000162981,0.1805199999944307,0.539504,84.87048957087501,1.0,4.341859644710078,0.0,,0.6499999761581421,,False,1.0,0.8030933258165358
random_sparse+random_dense,synthetic,250.0,0.002,Oracle-risk (w=1.2),True,50.0,0.0019077000324614,0.0,0.539504,84.87048957087501,1.0,4.341859644710078,0.0,,0.6499999761581421,,False,1.0,0.7893274484312135
A2,movingai-file,1422.0,0.011376,A*,True,287.0,0.0042029999895021,0.0,0.889224,85.55265232567922,1.0,5.354828767121574,0.0,,0.567187488079071,,False,1.0,1.0
A2,movingai-file,1422.0,0.011376,wA* (w=1.2),True,51.0,0.0008812000160105,0.0,0.889224,85.64902864285654,1.0,5.339904181209287,0.1126514661526023,,0.567187488079071,,False,5.627450980392157,4.76963222099172
A2,movingai-file,1422.0,0.011376,NACHA*-S (w=1.0),True,7400.0,0.2039694999693893,0.1885052000288851,0.889224,88.2813033448961,2.8284271247461903,8.116950396931005,3.189440590140369,,0.567187488079071,,False,0.03878378378378378,0.020606021930400696
A2,movingai-file,1422.0,0.011376,NACHA* (w=1.2),True,66.0,0.0014873000327497,0.1885052000288851,0.889224,85.55265232567922,1.0,5.360312344474593,0.0,,0.567187488079071,,False,4.348484848484849,2.8259261056638656
A2,movingai-file,1422.0,0.011376,Oracle-risk (w=1.2),True,56.0,0.0012034000246785,0.0,0.889224,85.64902864285654,1.0,5.368765682482208,0.1126514661526023,,0.567187488079071,,False,5.125,3.492604207503629
A1,movingai-file,1363.0,0.010904,A*,True,1371.0,0.0185407999670133,0.0,0.866384,86.23481508048344,1.0,5.535586129271147,0.0,,0.49125000834465027,,False,1.0,1.0
A1,movingai-file,1363.0,0.010904,wA* (w=1.2),True,54.0,0.0009070999803952,0.0,0.866384,86.91697783528765,1.0,6.414209937693909,0.7910526092826276,,0.49125000834465027,,False,25.38888888888889,20.43964322315998
A1,movingai-file,1363.0,0.010904,NACHA*-S (w=1.0),True,12437.0,0.3884577000280842,0.1500537999672815,0.866384,88.96346609970031,2.8284271247461903,8.778372638158547,3.1642104371305324,,0.49125000834465027,,False,0.11023558736029589,0.04772926361267356
A1,movingai-file,1363.0,0.010904,NACHA* (w=1.2),True,93.0,0.0032594999647699,0.1500537999672815,0.866384,86.91697783528765,1.0,6.414209937693909,0.7910526092826276,,0.49125000834465027,,False,14.741935483870968,5.688234443138631
A1,movingai-file,1363.0,0.010904,Oracle-risk (w=1.2),True,81.0,0.0028960999916307,0.0,0.866384,86.91697783528765,1.0,6.5291845123048144,0.7910526092826276,,0.49125000834465027,,False,16.925925925925927,6.40198888871015
A3,movingai-file,1546.0,0.012368,A*,True,1396.0,0.0196183000225573,0.0,0.858472,86.23481508048344,1.0,5.857769707547942,0.0,,0.5012500286102295,,False,1.0,1.0
A3,movingai-file,1546.0,0.012368,wA* (w=1.2),True,52.0,0.0008924000430852,0.0,0.858472,86.23481508048344,1.0,5.879905655964605,0.0,,0.5012500286102295,,False,26.846153846153847,21.983750644759084
A3,movingai-file,1546.0,0.012368,NACHA*-S (w=1.0),True,11150.0,0.2792899999767542,0.122639600012917,0.858472,89.64562885450452,4.242640687119285,9.084330632240109,3.95526304641316,,0.5012500286102295,,False,0.1252017937219731,0.07024347461130069
A3,movingai-file,1546.0,0.012368,NACHA* (w=1.2),True,74.0,0.0029846000252291,0.122639600012917,0.858472,86.23481508048344,1.0,5.879905655964605,0.0,,0.5012500286102295,,False,18.864864864864863,6.573175586920189
A3,movingai-file,1546.0,0.012368,Oracle-risk (w=1.2),True,65.0,0.0027385000139474,0.0,0.858472,86.23481508048344,1.0,5.924758469706992,0.0,,0.5012500286102295,,False,21.476923076923075,7.163885310439922
A4,movingai-file,1458.0,0.011664,A*,True,1432.0,0.019778000016231,0.0,0.86868,86.23481508048344,1.0,5.891053660860055,0.0,,0.5269886255264282,,False,1.0,1.0
A4,movingai-file,1458.0,0.011664,wA* (w=1.2),True,53.0,0.0009000999853014,0.0,0.86868,86.23481508048344,1.0,5.913189609276718,0.0,,0.5269886255264282,,False,27.0188679245283,21.973114475286103
A4,movingai-file,1458.0,0.011664,NACHA*-S (w=1.0),True,11680.0,0.3153024999774061,0.1396587999770417,0.86868,88.2813033448961,3.3166247903554,8.136501480073488,2.373157827847905,,0.5269886255264282,,False,0.1226027397260274,0.06272706374877537
A4,movingai-file,1458.0,0.011664,NACHA* (w=1.2),True,79.0,0.003143900015857,0.1396587999770417,0.86868,86.23481508048344,1.0,5.913189609276718,0.0,,0.5269886255264282,,False,18.126582278481013,6.290912534265084
A4,movingai-file,1458.0,0.011664,Oracle-risk (w=1.2),True,57.0,0.0021255000028759,0.0,0.86868,86.23481508048344,1.0,5.978908729882007,0.0,,0.5269886255264282,,False,25.12280701754386,9.305104676297553
A5,movingai-file,1626.0,0.013008,A*,True,1403.0,0.0191133000189438,0.0,0.864408,86.23481508048344,1.0,5.8170162046939575,0.0,,0.5137500166893005,,False,1.0,1.0
A5,movingai-file,1626.0,0.013008,wA* (w=1.2),True,55.0,0.000941900012549,0.0,0.864408,86.23481508048344,1.0,5.8391521531106205,0.0,,0.5137500166893005,,False,25.509090909090908,20.2922813083087
A5,movingai-file,1626.0,0.013008,NACHA*-S (w=1.0),True,13478.0,0.3796363999717869,0.1440235000336542,0.864408,89.64562885450452,4.898979485566356,9.132886141806278,3.95526304641316,,0.5137500166893005,,False,0.10409556313993173,0.05034633143809242
A5,movingai-file,1626.0,0.013008,NACHA* (w=1.2),True,86.0,0.0018545999773778,0.1440235000336542,0.864408,86.23481508048344,1.0,5.937358988269895,0.0,,0.5137500166893005,,False,16.313953488372093,10.305888198040368
A5,movingai-file,1626.0,0.013008,Oracle-risk (w=1.2),True,59.0,0.0013378000003285,0.0,0.864408,86.23481508048344,1.0,5.883873512660617,0.0,,0.5137500166893005,,False,23.779661016949152,14.28711318152974
random_dense,synthetic,200.0,0.0016,A*,True,50.0,0.0008180000004358,0.0,0.559072,84.87048957087501,1.0,4.3697880872458335,0.0,,0.612500011920929,,False,1.0,1.0
random_dense,synthetic,200.0,0.0016,wA* (w=1.2),True,50.0,0.0008617000421509,0.0,0.559072,84.87048957087501,1.0,4.3697880872458335,0.0,,0.612500011920929,,False,1.0,0.9492862486045378
random_dense,synthetic,200.0,0.0016,NACHA*-S (w=1.0),True,23544.0,0.8110336999525316,0.1299156000022776,0.559072,84.87048957087501,1.0,4.3697880872458335,0.0,,0.612500011920929,,False,0.002123683316343867,0.0010085894093965222
random_dense,synthetic,200.0,0.0016,NACHA* (w=1.2),True,50.0,0.0022896000300534,0.1299156000022776,0.559072,84.87048957087501,1.0,4.3697880872458335,0.0,,0.612500011920929,,False,1.0,0.3572676405043207
random_dense,synthetic,200.0,0.0016,Oracle-risk (w=1.2),True,50.0,0.0019784999894909,0.0,0.559072,84.87048957087501,1.0,4.3697880872458335,0.0,,0.612500011920929,,False,1.0,0.41344453109968654
A8,random-fallback,18749.0,0.149992,A*,True,1548.0,0.0308993000071495,0.0,0.48268,86.33119139766075,1.0,1.1911124045649004,0.0,,0.5395833253860474,,False,1.0,1.0
A8,random-fallback,18749.0,0.149992,wA* (w=1.2),True,55.0,0.0016876999870873,0.0,0.48268,87.20610678681959,1.0,1.244742849027664,1.013440652207365,,0.5395833253860474,,False,28.145454545454545,18.30852654118742
A8,random-fallback,18749.0,0.149992,NACHA*-S (w=1.0),True,12563.0,0.4110948999878019,0.1120189999928698,0.48268,86.33119139766075,1.0,1.2050478006506111,0.0,,0.5395833253860474,,False,0.12321897635914988,0.07516342335569318
A8,random-fallback,18749.0,0.149992,NACHA* (w=1.2),True,55.0,0.0019141000229865,0.1120189999928698,0.48268,86.42756771483805,1.0,1.230606234458664,0.1116355695050863,,0.5395833253860474,,False,28.145454545454545,16.14299129412185
A8,random-fallback,18749.0,0.149992,Oracle-risk (w=1.2),True,65.0,0.0024629000108689,0.0,0.48268,86.33119139766075,1.0,1.2076809470598244,0.0,,0.5395833253860474,,False,23.815384615384616,12.54590112095065
A7,random-fallback,39999.0,0.319992,A*,True,3514.0,0.0663360999897122,0.0,0.475448,87.7918932244465,1.0,1.0557595180117627,0.0,,0.512499988079071,,False,1.0,1.0
A7,random-fallback,39999.0,0.319992,wA* (w=1.2),True,59.0,0.0016926000243984,0.0,0.475448,89.54172400276416,1.0,1.053694350677994,1.9931575844299052,,0.512499988079071,,False,59.559322033898304,39.19183447565529
A7,random-fallback,39999.0,0.319992,NACHA*-S (w=1.0),True,16055.0,0.4568558000028133,0.1519438999821432,0.475448,87.7918932244465,1.0,1.0716908088722663,0.0,,0.512499988079071,,False,0.21887262535035815,0.14520139612828314
A7,random-fallback,39999.0,0.319992,NACHA* (w=1.2),True,59.0,0.0012867999612353,0.1519438999821432,0.475448,88.76318493078264,1.0,1.0468921014007275,1.106356943291975,,0.512499988079071,,False,59.559322033898304,51.55121385458465
A7,random-fallback,39999.0,0.319992,Oracle-risk (w=1.2),True,2485.0,0.0675378000014461,0.0,0.475448,87.7918932244465,1.0,1.0796564543025182,0.0,,0.512499988079071,,False,1.4140845070422534,0.9822070009430545
A6,random-fallback,22500.0,0.18,A*,True,2603.0,0.0449325999943539,0.0,0.500632,86.91697783528765,1.0,1.1199377866356688,0.0,,0.5503472089767456,,False,1.0,1.0
A6,random-fallback,22500.0,0.18,wA* (w=1.2),True,56.0,0.0010302999871782,0.0,0.500632,87.88826954162381,1.0,1.1273239286221155,1.1174936479922293,,0.5503472089767456,,False,46.482142857142854,43.6111817466056
A6,random-fallback,22500.0,0.18,NACHA*-S (w=1.0),True,19750.0,0.604283900000155,0.1784269000054337,0.500632,86.91697783528767,1.0,1.140523826885956,2.220446049250313e-14,,0.5503472089767456,,False,0.13179746835443037,0.07435677170009392
A6,random-fallback,22500.0,0.18,NACHA* (w=1.2),True,59.0,0.0023777000023983,0.1784269000054337,0.500632,87.88826954162381,1.0,1.1273239286221155,1.1174936479922293,,0.5503472089767456,,False,44.11864406779661,18.89750597175086
A6,random-fallback,22500.0,0.18,Oracle-risk (w=1.2),True,112.0,0.0023579999688081,0.0,0.500632,87.10973046964227,1.0,1.199137523830456,0.2217663788539603,,0.5503472089767456,,False,23.241071428571427,19.05538616994385
A10,random-fallback,28750.0,0.23,A*,True,2651.0,0.038674900017213,0.0,0.537616,87.01335415246497,1.0,1.1233019606602537,0.0,,0.5,,False,1.0,1.0
A10,random-fallback,28750.0,0.23,wA* (w=1.2),True,56.0,0.0010498000192455,0.0,0.537616,87.98464585880113,1.0,1.0796564543025182,1.1162559078394585,,0.5,,False,47.339285714285715,36.84025462774231
A10,random-fallback,28750.0,0.23,NACHA*-S (w=1.0),True,12035.0,0.3611754999728873,0.1179696999606676,0.537616,87.01335415246497,1.0,1.108948023256942,0.0,,0.5,,False,0.22027420024927297,0.10708062983263329
A10,random-fallback,28750.0,0.23,NACHA* (w=1.2),True,54.0,0.0013058999902568,0.1179696999606676,0.537616,87.20610678681959,1.0,1.115180126103918,0.221520749581594,,0.5,,False,49.092592592592595,29.61551443890258
A10,random-fallback,28750.0,0.23,Oracle-risk (w=1.2),True,952.0,0.0298496999894268,0.0,0.537616,87.01335415246497,1.0,1.1476674643292588,0.0,,0.5,,False,2.7846638655462184,1.295654563728018
AR001,random-fallback,43750.0,0.35,A*,True,3525.0,0.0630913999630138,0.0,0.501272,87.69551690726918,1.0,1.0159312908605036,0.0,,0.518750011920929,,False,1.0,1.0
AR001,random-fallback,43750.0,0.35,wA* (w=1.2),True,62.0,0.0016900000046007,0.0,0.501272,89.44534768558685,1.0,1.0076706215254276,1.9953480406164517,,0.518750011920929,,False,56.854838709677416,37.332189225597396
AR001,random-fallback,43750.0,0.35,NACHA*-S (w=1.0),True,12365.0,0.2798581999959424,0.1372110999654978,0.501272,87.69551690726918,1.0,1.0159312908605036,0.0,,0.518750011920929,,False,0.2850788515972503,0.2254405980025904
AR001,random-fallback,43750.0,0.35,NACHA* (w=1.2),True,67.0,0.0014058000524528,0.1372110999654978,0.501272,88.66680861360533,1.0,1.0078153502334546,1.1075728162514895,,0.518750011920929,,False,52.61194029850746,44.87935524894434
AR001,random-fallback,43750.0,0.35,Oracle-risk (w=1.2),True,3160.0,0.0687640999676659,0.0,0.501272,87.69551690726918,1.0,1.0318625817210074,0.0,,0.518750011920929,,False,1.115506329113924,0.917504918884716
A9,random-fallback,33749.0,0.269992,A*,True,3876.0,0.085246900038328,0.0,0.515,87.59914059009188,1.0,1.0716908088722663,0.0,,0.5199999809265137,,False,1.0,1.0
A9,random-fallback,33749.0,0.269992,wA* (w=1.2),True,58.0,0.0017535000224597,0.0,0.515,88.66680861360534,1.0,1.0390767511672732,1.218811070886483,,0.5199999809265137,,False,66.82758620689656,48.61528311744701
A9,random-fallback,33749.0,0.269992,NACHA*-S (w=1.0),True,18746.0,0.5507972000050358,0.223716799984686,0.515,87.59914059009188,1.0,1.0796564543025182,0.0,,0.5199999809265137,,False,0.20676410967673103,0.15477003157886168
A9,random-fallback,33749.0,0.269992,NACHA* (w=1.2),True,65.0,0.001396499981638,0.223716799984686,0.515,88.66680861360534,1.0,1.0390767511672732,1.218811070886483,,0.5199999809265137,,False,59.63076923076923,61.04325181468255
A9,random-fallback,33749.0,0.269992,Oracle-risk (w=1.2),True,2657.0,0.0464203000301495,0.0,0.515,87.6955169072692,1.0,1.1115190360235254,0.1100197062757768,,0.5199999809265137,,False,1.458788106887467,1.8364142408162167
stanford_area_2,synthetic,31250.0,0.25,A*,True,5466.0,0.1295469000469893,0.0,0.67476,89.25259505123225,1.0,1.980406080212313,0.0,,0.7749999761581421,,True,1.0,1.0
stanford_area_2,synthetic,31250.0,0.25,wA* (w=1.2),True,67.0,0.0011102000134997,0.0,0.67476,90.80967319519532,1.0,1.9702447093140951,1.7445746457783962,,0.7749999761581421,,True,81.58208955223881,116.68789269657516
stanford_area_2,synthetic,31250.0,0.25,NACHA*-S (w=1.0),True,25625.0,0.7981352999922819,0.1878830000059679,0.67476,89.25259505123225,1.0,2.348643781191133,0.0,,0.7749999761581421,,True,0.21330731707317074,0.16231195393593295
stanford_area_2,synthetic,31250.0,0.25,NACHA* (w=1.2),True,484.0,0.0146321000065654,0.1878830000059679,0.67476,89.44534768558688,1.0,2.0061796985479505,0.2159630588264516,,0.7749999761581421,,True,11.293388429752065,8.853609528971358
stanford_area_2,synthetic,31250.0,0.25,Oracle-risk (w=1.2),True,7211.0,0.1914675000007264,0.0,0.67476,89.25259505123226,1.0,2.074430767442079,2.220446049250313e-14,,0.7749999761581421,,True,0.7580085979753155,0.6765999454032554
AR002,random-fallback,49999.0,0.399992,A*,True,4186.0,0.0964272000128403,0.0,0.48932,88.4740559792507,1.0,1.0156307004669092,0.0,,0.5149999856948853,,False,1.0,1.0
AR002,random-fallback,49999.0,0.399992,wA* (w=1.2),True,60.0,0.0010278999689035,0.0,0.48932,89.44534768558687,1.0,1.0230118645762831,1.0978265838337498,,0.5149999856948853,,False,69.76666666666667,93.809906537601
AR002,random-fallback,49999.0,0.399992,NACHA*-S (w=1.0),True,13391.0,0.3659472999861464,0.1184390000416897,0.48932,88.47405597925072,1.0,1.0156307004669092,2.220446049250313e-14,,0.5149999856948853,,False,0.31259801359121797,0.26350023628126434
AR002,random-fallback,49999.0,0.399992,NACHA* (w=1.2),True,59.0,0.0012708000140264,0.1184390000416897,0.48932,89.44534768558687,1.0,1.0230118645762831,1.0978265838337498,,0.5149999856948853,,False,70.94915254237289,75.87913042849328
AR002,random-fallback,49999.0,0.399992,Oracle-risk (w=1.2),True,3859.0,0.0694796000025235,0.0,0.48932,88.4740559792507,1.0,1.0312614009338186,0.0,,0.5149999856948853,,False,1.0847369784918373,1.3878490954084086
AR003,random-fallback,37499.0,0.299992,A*,True,3656.0,0.0532708999817259,0.0,0.505944,87.59914059009188,1.0,1.047793872581511,0.0,,0.5412499904632568,,False,1.0,1.0
AR003,random-fallback,37499.0,0.299992,wA* (w=1.2),True,58.0,0.0016293000080622,0.0,0.505944,89.44534768558685,1.0,1.0306824861017108,2.10756302294568,,0.5412499904632568,,False,63.03448275862069,32.6955746137161
AR003,random-fallback,37499.0,0.299992,NACHA*-S (w=1.0),True,16329.0,0.4438979999977164,0.127928800007794,0.505944,87.59914059009188,1.0,1.047793872581511,0.0,,0.5412499904632568,,False,0.22389613570947395,0.12000707365656062
AR003,random-fallback,37499.0,0.299992,NACHA* (w=1.2),True,65.0,0.0014806000399403,0.127928800007794,0.505944,88.66680861360533,1.0,1.062522801867637,1.218811070886483,,0.5412499904632568,,False,56.246153846153845,35.97926417986174
AR003,random-fallback,37499.0,0.299992,Oracle-risk (w=1.2),True,3115.0,0.0861891999957151,0.0,0.505944,87.59914059009188,1.0,1.047793872581511,0.0,,0.5412499904632568,,False,1.1736757624398073,0.6180693170881533
AR004,random-fallback,47499.0,0.379992,A*,True,4863.0,0.1161410000058822,0.0,0.502216,88.4740559792507,1.0,1.023446050700364,0.0,,0.5062500238418579,,False,1.0,1.0
AR004,random-fallback,47499.0,0.379992,wA* (w=1.2),True,66.0,0.0011004999978467,0.0,0.502216,90.80967319519527,1.0,1.0295866830266498,2.6398893891474096,,0.5062500238418579,,False,73.68181818181819,105.53475714050904
AR004,random-fallback,47499.0,0.379992,NACHA*-S (w=1.0),True,15097.0,0.3949390000198036,0.1441648000036366,0.502216,88.4740559792507,1.0,1.0390767511672732,0.0,,0.5062500238418579,,False,0.3221169768828244,0.2940732619469298
AR004,random-fallback,47499.0,0.379992,NACHA* (w=1.2),True,75.0,0.0023399000056087,0.1441648000036366,0.502216,90.03113412321376,1.0,1.0225934670385326,1.759926259431599,,0.5062500238418579,,False,64.84,49.63502702145144
AR004,random-fallback,47499.0,0.379992,Oracle-risk (w=1.2),True,4211.0,0.0887763000209815,0.0,0.502216,88.57043229642802,1.0,1.062522801867637,0.1089317270589695,,0.5062500238418579,,False,1.1548325813345999,1.3082433034315837
BA3,movingai-file,1566.0,0.012528,A*,True,1737.0,0.0226538000279106,0.0,0.846784,86.33119139766075,1.0,4.925164487092432,0.0,,0.49125000834465027,,False,1.0,1.0
BA3,movingai-file,1566.0,0.012528,wA* (w=1.2),True,59.0,0.0009537000441923,0.0,0.846784,87.01335415246496,1.0,4.95644285800133,0.7901695131971698,,0.49125000834465027,,False,29.440677966101696,23.7535902046606
BA3,movingai-file,1566.0,0.012528,NACHA*-S (w=1.0),True,15448.0,0.393508400011342,0.131462899968028,0.846784,91.00995436411291,2.23606797749979,7.821878635753993,5.419551022875102,,0.49125000834465027,,False,0.11244174003107198,0.0575687838614313
BA3,movingai-file,1566.0,0.012528,NACHA* (w=1.2),True,138.0,0.0028055000002495,0.131462899968028,0.846784,87.01335415246496,1.0,5.043567362315164,0.7901695131971698,,0.49125000834465027,,False,12.58695652173913,8.074781688075545
BA3,movingai-file,1566.0,0.012528,Oracle-risk (w=1.2),True,127.0,0.0024495999678038,0.0,0.846784,86.82060151811035,1.0,5.011329293352513,0.5668983741869971,,0.49125000834465027,,False,13.67716535433071,9.247958983368605
BC1,movingai-file,2597.0,0.020776,A*,True,314.0,0.0045960999559611,0.0,0.827736,85.55265232567922,1.0,10.393304079269075,0.0,,0.550000011920929,,False,1.0,1.0
BC1,movingai-file,2597.0,0.020776,wA* (w=1.2),True,51.0,0.0008565000025555,0.0,0.827736,85.64902864285654,1.0,10.405475478073384,0.1126514661526023,,0.550000011920929,,False,6.1568627450980395,5.366141205193142
BC1,movingai-file,2597.0,0.020776,NACHA*-S (w=1.0),True,9563.0,0.2721250000176951,0.1707464999635704,0.827736,85.55265232567922,1.0,10.42588364133869,0.0,,0.550000011920929,,False,0.03283488445048625,0.016889664513228247
BC1,movingai-file,2597.0,0.020776,NACHA* (w=1.2),True,76.0,0.001642899995204,0.1707464999635704,0.827736,85.55265232567922,1.0,10.405475478073384,0.0,,0.550000011920929,,False,4.131578947368421,2.7975530886713527
BC1,movingai-file,2597.0,0.020776,Oracle-risk (w=1.2),True,60.0,0.0013238000101409,0.0,0.827736,85.55265232567922,1.0,10.42588364133869,0.0,,0.550000011920929,,False,5.233333333333333,3.471899018547303
BC3,random-fallback,27500.0,0.22,A*,True,1392.0,0.0295506999827921,0.0,0.52196,86.33119139766076,1.0,1.0579898987322334,0.0,,0.5440340638160706,,False,1.0,1.0
BC3,random-fallback,27500.0,0.22,wA* (w=1.2),True,55.0,0.0010554999462328,0.0,0.52196,87.20610678681959,1.0,1.0730965110070168,1.0134406522073425,,0.5440340638160706,,False,25.30909090909091,27.996874929517457
BC3,random-fallback,27500.0,0.22,NACHA*-S (w=1.0),True,11259.0,0.3077326000202447,0.1390217000152915,0.52196,86.33119139766076,1.0,1.082842712474619,0.0,,0.5440340638160706,,False,0.12363442579269918,0.09602720017589315
BC3,random-fallback,27500.0,0.22,NACHA* (w=1.2),True,57.0,0.002306199981831,0.1390217000152915,0.52196,87.8882695416238,1.0,1.069837418157318,1.803610165404512,,0.5440340638160706,,False,24.42105263157895,12.813589548002
BC3,random-fallback,27500.0,0.22,Oracle-risk (w=1.2),True,337.0,0.0117644999991171,0.0,0.52196,86.42756771483806,1.0,1.1242640687119283,0.1116355695050863,,0.5440340638160706,,False,4.130563798219584,2.5118534561613175
BC2,movingai-file,2862.0,0.022896,A*,True,2617.0,0.0428334000171162,0.0,0.837696,86.91697783528765,1.0,11.223248622191418,0.0,,0.5012500286102295,,False,1.0,1.0
BC2,movingai-file,2862.0,0.022896,wA* (w=1.2),True,59.0,0.0009399999980814,0.0,0.837696,86.91697783528765,1.0,11.26961995170506,0.0,,0.5012500286102295,,False,44.355932203389834,45.56744691972543
BC2,movingai-file,2862.0,0.022896,NACHA*-S (w=1.0),True,14220.0,0.3835860000108368,0.1559634999721311,0.837696,86.91697783528765,1.0,12.04957684357661,0.0,,0.5012500286102295,,False,0.1840365682137834,0.1116657021265273
BC2,movingai-file,2862.0,0.022896,NACHA* (w=1.2),True,132.0,0.0028053999994881,0.1559634999721311,0.837696,86.91697783528765,1.0,11.349954863309188,0.0,,0.5012500286102295,,False,19.825757575757574,15.26819705743637
BC2,movingai-file,2862.0,0.022896,Oracle-risk (w=1.2),True,91.0,0.0018466999754309,0.0,0.837696,86.91697783528765,1.0,11.31170356680196,0.0,,0.5012500286102295,,False,28.75824175824176,23.194563592887718
BA4,random-fallback,35000.0,0.28,A*,True,4086.0,0.0635075999889522,0.0,0.497736,87.69551690726918,1.0,1.0637251634420146,0.0,,0.5049999952316284,,False,1.0,1.0
BA4,random-fallback,35000.0,0.28,wA* (w=1.2),True,59.0,0.0017655999981798,0.0,0.497736,89.44534768558685,1.0,1.0383531076271384,1.9953480406164517,,0.5049999952316284,,False,69.2542372881356,35.969415526973116
BA4,random-fallback,35000.0,0.28,NACHA*-S (w=1.0),True,15645.0,0.4465834999573417,0.1514821000164374,0.497736,87.69551690726918,1.0,1.0557595180117627,0.0,,0.5049999952316284,,False,0.26116970278044105,0.14220767223826794
BA4,random-fallback,35000.0,0.28,NACHA* (w=1.2),True,62.0,0.0023435999755747,0.1514821000164374,0.497736,88.66680861360533,1.0,1.0547074516341823,1.1075728162514895,,0.5049999952316284,,False,65.90322580645162,27.098310569566717
BA4,random-fallback,35000.0,0.28,Oracle-risk (w=1.2),True,3305.0,0.0998950999928638,0.0,0.497736,87.69551690726918,1.0,1.0716908088722663,0.0,,0.5049999952316284,,False,1.2363086232980334,0.6357428942309381
BA5,random-fallback,40000.0,0.32,A*,True,3599.0,0.0516594999935478,0.0,0.490424,87.7918932244465,1.0,1.0318625817210074,0.0,,0.5149999856948853,,False,1.0,1.0
BA5,random-fallback,40000.0,0.32,wA* (w=1.2),True,57.0,0.0009929999941959,0.0,0.490424,89.54172400276416,1.0,1.0383531076271384,1.9931575844299052,,0.5149999856948853,,False,63.14035087719298,52.02366595719875
BA5,random-fallback,40000.0,0.32,NACHA*-S (w=1.0),True,17219.0,0.4005155999911949,0.125148800027091,0.490424,87.7918932244465,1.0,1.039828227151259,0.0,,0.5149999856948853,,False,0.20901329926244264,0.12898249155509423
BA5,random-fallback,40000.0,0.32,NACHA* (w=1.2),True,63.0,0.0021173999994061,0.125148800027091,0.490424,88.66680861360533,1.0,1.0312614009338186,0.9965787922149528,,0.5149999856948853,,False,57.12698412698413,24.39761028055046
BA5,random-fallback,40000.0,0.32,Oracle-risk (w=1.2),True,3000.0,0.0882945999619551,0.0,0.490424,87.7918932244465,1.0,1.0557595180117627,0.0,,0.5149999856948853,,False,1.1996666666666667,0.5850810810152279
BC4,random-fallback,22499.0,0.179992,A*,True,1136.0,0.0310076000168919,0.0,0.502832,86.23481508048344,1.0,1.0497056274847714,0.0,,0.5694444179534912,,False,1.0,1.0
BC4,random-fallback,22499.0,0.179992,wA* (w=1.2),True,54.0,0.0016146000125445,0.0,0.502832,87.2061067868196,1.0,1.040609172781676,1.126333610653241,,0.5694444179534912,,False,21.037037037037038,19.204508717936914
BC4,random-fallback,22499.0,0.179992,NACHA*-S (w=1.0),True,14035.0,0.3868850999861024,0.1652845999924466,0.502832,86.23481508048344,1.0,1.0497056274847714,0.0,,0.5694444179534912,,False,0.08094050587816173,0.0801467929832546
BC4,random-fallback,22499.0,0.179992,NACHA* (w=1.2),True,53.0,0.0021738000214099,0.1652845999924466,0.502832,86.42756771483806,1.0,1.0414213562373096,0.2235206675804013,,0.5694444179534912,,False,21.433962264150942,14.264237607643757
BC4,random-fallback,22499.0,0.179992,Oracle-risk (w=1.2),True,123.0,0.0063260999741032,0.0,0.502832,86.42756771483806,1.0,1.1369775585197597,0.2235206675804013,,0.5694444179534912,,False,9.235772357723578,4.901534933659912
BA1,movingai-file,1688.0,0.013504,A*,True,3300.0,0.0708459999877959,0.0,0.821912,86.91697783528764,1.0,5.270187902019473,0.0,,0.5475000143051147,,False,1.0,1.0
BA1,movingai-file,1688.0,0.013504,wA* (w=1.2),True,53.0,0.0008764000376686,0.0,0.821912,87.10973046964226,1.0,5.209095904034081,0.2217663788539603,,0.5475000143051147,,False,62.264150943396224,80.83751362706519
BA1,movingai-file,1688.0,0.013504,NACHA*-S (w=1.0),True,33771.0,1.203650500043295,0.1291408999823033,0.821912,86.91697783528765,1.0,5.527285468641835,2.220446049250313e-14,,0.5475000143051147,,False,0.09771697610375767,0.05885927849093036
BA1,movingai-file,1688.0,0.013504,NACHA* (w=1.2),True,128.0,0.0049475000123493,0.1291408999823033,0.821912,87.59914059009188,1.0,5.354375529201727,0.784844079711311,,0.5475000143051147,,False,25.78125,14.319555292765925
BA1,movingai-file,1688.0,0.013504,Oracle-risk (w=1.2),True,110.0,0.003838500007987,0.0,0.821912,87.59914059009188,1.0,5.312869803625097,0.784844079711311,,0.5475000143051147,,False,30.0,18.456688769150013
BR2,random-fallback,31250.0,0.25,A*,True,2184.0,0.0546159999794326,0.0,0.522888,87.01335415246497,1.0,1.1036941175229986,0.0,,0.5350000262260437,,False,1.0,1.0
BR2,random-fallback,31250.0,0.25,wA* (w=1.2),True,58.0,0.0010806000209413,0.0,0.522888,87.8882695416238,1.0,1.085768709017822,1.0054955330486504,,0.5350000262260437,,False,37.6551724137931,50.54229032112839
BR2,random-fallback,31250.0,0.25,NACHA*-S (w=1.0),True,13916.0,0.3673780999961309,0.1488832000177353,0.522888,87.01335415246497,1.0,1.1036941175229984,0.0,,0.5350000262260437,,False,0.15694164989939638,0.14866427797413018
BR2,random-fallback,31250.0,0.25,NACHA* (w=1.2),True,58.0,0.0021347999572753,0.1488832000177353,0.522888,87.8882695416238,1.0,1.085768709017822,1.0054955330486504,,0.5350000262260437,,False,37.6551724137931,25.583661735285215
BR2,random-fallback,31250.0,0.25,Oracle-risk (w=1.2),True,1141.0,0.0372225000173784,0.0,0.522888,87.10973046964229,1.0,1.1118159520793336,0.1107603747908081,,0.5350000262260437,,False,1.9141104294478528,1.467284571265593
DA1,movingai-file,1790.0,0.01432,A*,True,426.0,0.0065196000505238,0.0,0.760464,85.55265232567922,1.0,9.720112190622553,0.0,,0.5677083134651184,,False,1.0,1.0
DA1,movingai-file,1790.0,0.01432,wA* (w=1.2),True,51.0,0.0017077999655157,0.0,0.760464,85.55265232567922,1.0,9.740646085030695,0.0,,0.5677083134651184,,False,8.352941176470589,3.817543144495317
DA1,movingai-file,1790.0,0.01432,NACHA*-S (w=1.0),True,11727.0,0.3026100000133738,0.1387471000198274,0.760464,85.55265232567922,1.0,10.097545211637067,0.0,,0.5677083134651184,,False,0.03632642619595804,0.02154456247392904
DA1,movingai-file,1790.0,0.01432,NACHA* (w=1.2),True,51.0,0.0011730000260286,0.1387471000198274,0.760464,85.55265232567922,1.0,9.70689164145315,0.0,,0.5677083134651184,,False,8.352941176470589,5.55805618572496
DA1,movingai-file,1790.0,0.01432,Oracle-risk (w=1.2),True,52.0,0.0012057000421918,0.0,0.760464,85.55265232567922,1.0,9.727299804718456,0.0,,0.5677083134651184,,False,8.192307692307692,5.407315105233011
BR1,random-fallback,27500.0,0.22,A*,True,2298.0,0.0335609999601729,0.0,0.468328,86.91697783528767,1.0,1.0649746764506816,0.0,,0.5795454382896423,,False,1.0,1.0
BR1,random-fallback,27500.0,0.22,wA* (w=1.2),True,54.0,0.0017205000040121,0.0,0.468328,87.20610678681959,1.0,1.0649746764506816,0.3326495682809405,,0.5795454382896423,,False,42.55555555555556,19.506538728224772
BR1,random-fallback,27500.0,0.22,NACHA*-S (w=1.0),True,15632.0,0.4663107000524178,0.1613307999796234,0.468328,86.91697783528767,1.0,1.0487310073380112,0.0,,0.5795454382896423,,False,0.14700614124872058,0.0719713271782104
BR1,random-fallback,27500.0,0.22,NACHA* (w=1.2),True,55.0,0.0012674999888986,0.1613307999796234,0.468328,87.9846458588011,1.0,1.0637251634420146,1.2283768374191872,,0.5795454382896423,,False,41.78181818181818,26.47810670936249
BR1,random-fallback,27500.0,0.22,Oracle-risk (w=1.2),True,2008.0,0.064038900018204,0.0,0.468328,87.10973046964229,1.0,1.0893401801196871,0.2217663788539603,,0.5795454382896423,,False,1.1444223107569722,0.5240720866634606
BC5,random-fallback,33750.0,0.27,A*,True,3303.0,0.055766700010281,0.0,0.515096,87.6955169072692,1.0,1.0618717727270663,0.0,,0.5237500071525574,,False,1.0,1.0
BC5,random-fallback,33750.0,0.27,wA* (w=1.2),True,62.0,0.0018182999920099,0.0,0.515096,91.00242582954992,1.0,1.0443800245399744,3.770898489346397,,0.5237500071525574,,False,53.274193548387096,30.669691610479514
BC5,random-fallback,33750.0,0.27,NACHA*-S (w=1.0),True,19034.0,0.5075118000386283,0.1497712999698706,0.515096,87.6955169072692,1.0,1.0618717727270663,0.0,,0.5237500071525574,,False,0.17353157507617947,0.1098825682595684
BC5,random-fallback,33750.0,0.27,NACHA* (w=1.2),True,72.0,0.0016121999942697,0.1497712999698706,0.515096,89.44534768558687,1.0,1.0383531076271384,1.9953480406164517,,0.5237500071525574,,False,45.875,34.59043555917044
BC5,random-fallback,33750.0,0.27,Oracle-risk (w=1.2),True,2115.0,0.0676113999797962,0.0,0.515096,87.7918932244465,1.0,1.0937343544480735,0.1098987959432529,,0.5237500071525574,,False,1.5617021276595744,0.8248120883008684
DA2,movingai-file,1972.0,0.015776,A*,True,292.0,0.0043991999700665,0.0,0.816248,85.55265232567922,1.0,9.62657677722781,0.0,,0.5375000238418579,,False,1.0,1.0
DA2,movingai-file,1972.0,0.015776,wA* (w=1.2),True,53.0,0.000947399996221,0.0,0.816248,85.64902864285654,1.0,9.62398669483895,0.1126514661526023,,0.5375000238418579,,False,5.509433962264151,4.643445205419125
DA2,movingai-file,1972.0,0.015776,NACHA*-S (w=1.0),True,11177.0,0.2984923999756574,0.1149567000102251,0.816248,85.55265232567923,1.0,10.004211219036227,2.220446049250313e-14,,0.5375000238418579,,False,0.02612507828576541,0.014738063583613058
DA2,movingai-file,1972.0,0.015776,NACHA* (w=1.2),True,81.0,0.0032004000386223,0.1149567000102251,0.816248,85.55265232567922,1.0,9.632440032846564,0.0,,0.5375000238418579,,False,3.6049382716049383,1.3745781517863798
DA2,movingai-file,1972.0,0.015776,Oracle-risk (w=1.2),True,60.0,0.0022532999864779,0.0,0.816248,85.55265232567922,1.0,9.632440032846564,0.0,,0.5375000238418579,,False,4.866666666666666,1.9523365714579461
BR3,random-fallback,25000.0,0.2,A*,True,2579.0,0.0436531999730505,0.0,0.505272,86.91697783528765,1.0,1.0973331380168163,0.0,,0.5921875238418579,,False,1.0,1.0
BR3,random-fallback,25000.0,0.2,wA* (w=1.2),True,53.0,0.0016859999741427,0.0,0.505272,87.20610678681957,1.0,1.129820476242157,0.3326495682809405,,0.5921875238418579,,False,48.660377358490564,25.891578079796442
BR3,random-fallback,25000.0,0.2,NACHA*-S (w=1.0),True,15777.0,0.4414618999580852,0.125109699962195,0.505272,87.01335415246497,1.0,1.113576807129487,0.1108831894269801,,0.5921875238418579,,False,0.163465804652342,0.09888327843738082
BR3,random-fallback,25000.0,0.2,NACHA* (w=1.2),True,53.0,0.0021557000000029,0.125109699962195,0.505272,87.10973046964227,1.0,1.0974620146760223,0.2217663788539603,,0.5921875238418579,,False,48.660377358490564,20.250127556242415
BR3,random-fallback,25000.0,0.2,Oracle-risk (w=1.2),True,932.0,0.0310328999767079,0.0,0.505272,87.10973046964227,1.0,1.160418082758139,0.2217663788539603,,0.5921875238418579,,False,2.767167381974249,1.4066748517159178
BR5,random-fallback,28749.0,0.229992,A*,True,2948.0,0.049118900031317,0.0,0.541536,87.01335415246496,1.0,1.1118159520793336,0.0,,0.58152174949646,,False,1.0,1.0
BR5,random-fallback,28749.0,0.229992,wA* (w=1.2),True,55.0,0.001799099962227,0.0,0.541536,87.9846458588011,1.0,1.0618717727270663,1.1162559078394363,,0.58152174949646,,False,53.6,27.301929332773483
BR5,random-fallback,28749.0,0.229992,NACHA*-S (w=1.0),True,15264.0,0.4490183999878354,0.1235109000117518,0.541536,87.01335415246496,1.0,1.0955722829666632,0.0,,0.58152174949646,,False,0.1931341719077568,0.10939173101291107
BR5,random-fallback,28749.0,0.229992,NACHA* (w=1.2),True,60.0,0.00228989997413,0.1235109000117518,0.541536,87.9846458588011,1.0,1.1016999998783257,1.1162559078394363,,0.58152174949646,,False,49.13333333333333,21.45023825766831
BR5,random-fallback,28749.0,0.229992,Oracle-risk (w=1.2),True,1003.0,0.0238654999993741,0.0,0.541536,87.20610678681957,1.0,1.16866879397368,0.221520749581594,,0.58152174949646,,False,2.939182452642074,2.0581550787792082
BA2,movingai-file,1885.0,0.01508,A*,True,1397.0,0.0218778999987989,0.0,0.756656,86.23481508048343,1.0,4.161388849602646,0.0,,0.5012500286102295,,False,1.0,1.0
BA2,movingai-file,1885.0,0.01508,wA* (w=1.2),True,52.0,0.0015029000351205,0.0,0.756656,86.33119139766075,1.0,4.188222130885173,0.1117603337902117,,0.5012500286102295,,False,26.865384615384617,14.557122554757788
BA2,movingai-file,1885.0,0.01508,NACHA*-S (w=1.0),True,43377.0,1.4902920000022275,0.1287369999918155,0.756656,93.7386053833298,4.358898943540674,8.446969157546366,8.701578702108925,,0.5012500286102295,,False,0.03220600779214791,0.014680277421314883
BA2,movingai-file,1885.0,0.01508,NACHA* (w=1.2),True,54.0,0.0011946000158786,0.1287369999918155,0.756656,86.33119139766075,1.0,4.253385475615061,0.1117603337902117,,0.5012500286102295,,False,25.87037037037037,18.313996072324027
BA2,movingai-file,1885.0,0.01508,Oracle-risk (w=1.2),True,67.0,0.0014458000077866,0.0,0.756656,86.33119139766075,1.0,4.326954616248966,0.1117603337902117,,0.5012500286102295,,False,20.850746268656717,15.1320375439008
BR4,random-fallback,35000.0,0.28,A*,True,4490.0,0.0948980000102892,0.0,0.498392,87.7918932244465,1.0,1.0159312908605036,0.0,,0.4950000047683716,,False,1.0,1.0
BR4,random-fallback,35000.0,0.28,wA* (w=1.2),True,57.0,0.0010179000091738,0.0,0.498392,89.44534768558685,1.0,1.0383531076271384,1.883379433352883,,0.4950000047683716,,False,78.7719298245614,93.22919653701071
BR4,random-fallback,35000.0,0.28,NACHA*-S (w=1.0),True,16220.0,0.4266839000047184,0.1236282999743707,0.498392,87.7918932244465,1.0,1.0079656454302517,0.0,,0.4950000047683716,,False,0.27681874229346487,0.22240820431527833
BR4,random-fallback,35000.0,0.28,NACHA* (w=1.2),True,58.0,0.0012749999877996,0.1236282999743707,0.498392,88.66680861360533,1.0,1.0390767511672732,0.9965787922149528,,0.4950000047683716,,False,77.41379310344827,74.42980464185301
BR4,random-fallback,35000.0,0.28,Oracle-risk (w=1.2),True,3562.0,0.0833869999623857,0.0,0.498392,87.88826954162381,1.0,1.1034269923313604,0.1097781510770223,,0.4950000047683716,,False,1.2605277933745087,1.138043100880184
DA5,random-fallback,17499.0,0.139992,A*,True,387.0,0.0071100000059232,0.0,0.505208,85.64902864285654,1.0,1.1079265304831207,0.0,,0.5223214030265808,,False,1.0,1.0
DA5,random-fallback,17499.0,0.139992,wA* (w=1.2),True,52.0,0.0009765999857336,0.0,0.505208,86.42756771483808,1.0,1.1698517351248277,0.9089876258000952,,0.5223214030265808,,False,7.4423076923076925,7.280360546577652
DA5,random-fallback,17499.0,0.139992,NACHA*-S (w=1.0),True,9515.0,0.2913841999834403,0.1335750999860465,0.505208,85.64902864285654,1.0,1.1014400560913702,0.0,,0.5223214030265808,,False,0.040672622175512346,0.024400773982691134
DA5,random-fallback,17499.0,0.139992,NACHA* (w=1.2),True,52.0,0.0022352000232785,0.1335750999860465,0.505208,86.42756771483808,1.0,1.0726309148836108,0.9089876258000952,,0.5223214030265808,,False,7.4423076923076925,3.1809233768235843
DA5,random-fallback,17499.0,0.139992,Oracle-risk (w=1.2),True,64.0,0.002483399992343,0.0,0.505208,85.64902864285654,1.0,1.1248332064983493,0.0,,0.5223214030265808,,False,6.046875,2.8630104001954058
DA4,random-fallback,22500.0,0.18,A*,True,1075.0,0.0180780000519007,0.0,0.538144,86.23481508048344,1.0,1.1242640687119283,0.0,,0.5486111044883728,,False,1.0,1.0
DA4,random-fallback,22500.0,0.18,wA* (w=1.2),True,54.0,0.0017311000265181,0.0,0.538144,87.10973046964229,1.0,1.1137056837886927,1.014573276863029,,0.5486111044883728,,False,19.90740740740741,10.443070749795105
DA4,random-fallback,22500.0,0.18,NACHA*-S (w=1.0),True,13156.0,0.3468046000343747,0.1265514999977313,0.538144,86.23481508048344,1.0,1.1325483399593903,0.0,,0.5486111044883728,,False,0.08171176649437518,0.052127336402426144
DA4,random-fallback,22500.0,0.18,NACHA* (w=1.2),True,54.0,0.0013573999749496,0.1265514999977313,0.538144,87.10973046964229,1.0,1.1476674643292588,1.014573276863029,,0.5486111044883728,,False,19.90740740740741,13.318108431946841
DA4,random-fallback,22500.0,0.18,Oracle-risk (w=1.2),True,112.0,0.0023239000001922,0.0,0.538144,86.42756771483806,1.0,1.167189356110768,0.2235206675804013,,0.5486111044883728,,False,9.598214285714286,7.77916435750486
DA3,movingai-file,1951.0,0.015608,A*,True,304.0,0.0044004000374116,0.0,0.816672,85.55265232567922,1.0,8.36239800025443,0.0,,0.612500011920929,,False,1.0,1.0
DA3,movingai-file,1951.0,0.015608,wA* (w=1.2),True,51.0,0.0008749000262469,0.0,0.816672,85.64902864285654,1.0,8.360474335486945,0.1126514661526023,,0.612500011920929,,False,5.96078431372549,5.029603275117277
DA3,movingai-file,1951.0,0.015608,NACHA*-S (w=1.0),True,15316.0,0.4501886999933049,0.1288174000219442,0.816672,86.33119139766075,1.0,9.42209698173194,0.910011613687689,,0.612500011920929,,False,0.01984852441890833,0.009774567947789543
DA3,movingai-file,1951.0,0.015608,NACHA* (w=1.2),True,73.0,0.001553000009153,0.1288174000219442,0.816672,85.55265232567922,1.0,8.368927673494559,0.0,,0.612500011920929,,False,4.164383561643835,2.833483587557453
DA3,movingai-file,1951.0,0.015608,Oracle-risk (w=1.2),True,62.0,0.0013431999832391,0.0,0.816672,85.64902864285654,1.0,8.394153550586392,0.1126514661526023,,0.612500011920929,,False,4.903225806451613,3.2760572456233388
stanford_area_4,synthetic,10496.0,0.083968,A*,True,37371.0,1.0758178000105545,0.0,0.949512,95.7850936477424,1.0,10.146061828056752,0.0,,0.9610389471054077,,True,1.0,1.0
stanford_area_4,synthetic,10496.0,0.083968,wA* (w=1.2),True,1633.0,0.0362167000421322,0.0,0.949512,95.78509364774249,1.0,9.377417021931588,6.661338147750939e-14,,0.9610389471054077,,True,22.884874464176363,29.705020025541163
stanford_area_4,synthetic,10496.0,0.083968,NACHA*-S (w=1.0),True,37403.0,1.4649869000422768,0.141952600039076,0.949512,95.78509364774244,1.0,14.58380768855325,2.220446049250313e-14,,0.9610389471054077,,True,0.9991444536534503,0.7343531877175887
stanford_area_4,synthetic,10496.0,0.083968,NACHA* (w=1.2),True,2534.0,0.0744731000158935,0.141952600039076,0.949512,95.78509364774249,1.0,10.019760150156255,6.661338147750939e-14,,0.9610389471054077,,True,14.74782951854775,14.445723352203164
stanford_area_4,synthetic,10496.0,0.083968,Oracle-risk (w=1.2),True,3295.0,0.0899281000019982,0.0,0.949512,95.88146996491976,1.0,10.4002638526347,0.1006172396007532,,0.9610389471054077,,True,11.341729893778453,11.963088289273873
maze512,random-fallback,24999.0,0.199992,A*,True,1261.0,0.0194411000120453,0.0,0.506456,86.23481508048344,1.0,1.074558441227157,0.0,,0.5328124761581421,,False,1.0,1.0
maze512,random-fallback,24999.0,0.199992,wA* (w=1.2),True,52.0,0.0015898999990895,0.0,0.506456,86.33119139766075,1.0,1.102842712474619,0.1117603337901895,,0.5328124761581421,,False,24.25,12.22787598162072
maze512,random-fallback,24999.0,0.199992,NACHA*-S (w=1.0),True,11809.0,0.2883336000377312,0.1517219999805092,0.506456,86.23481508048344,1.0,1.082842712474619,0.0,,0.5328124761581421,,False,0.1067829621475146,0.06742571802072755
maze512,random-fallback,24999.0,0.199992,NACHA* (w=1.2),True,52.0,0.0012833000509999,0.1517219999805092,0.506456,86.33119139766075,1.0,1.0662741699796952,0.1117603337901895,,0.5328124761581421,,False,24.25,15.149301986622312
maze512,random-fallback,24999.0,0.199992,Oracle-risk (w=1.2),True,321.0,0.0123179000220261,0.0,0.506456,86.23481508048344,1.0,1.1194112549695427,0.0,,0.5328124761581421,,False,3.9283489096573208,1.578280386858307
maze512-1,random-fallback,27500.0,0.22,A*,True,1529.0,0.0289656000095419,0.0,0.495392,86.33119139766075,1.0,1.091126983722081,0.0,,0.5809659361839294,,False,1.0,1.0
maze512-1,random-fallback,27500.0,0.22,wA* (w=1.2),True,55.0,0.0017050000024028,0.0,0.495392,87.10973046964227,1.0,1.1137056837886925,0.901805082702256,,0.5809659361839294,,False,27.8,16.988621682534685
maze512-1,random-fallback,27500.0,0.22,NACHA*-S (w=1.0),True,11097.0,0.3354031999479048,0.149954600026831,0.495392,86.33119139766075,1.0,1.091126983722081,0.0,,0.5809659361839294,,False,0.13778498693340543,0.08636053565988897
maze512-1,random-fallback,27500.0,0.22,NACHA* (w=1.2),True,53.0,0.001280200027395,0.149954600026831,0.495392,86.33119139766075,1.0,1.082842712474619,0.0,,0.5809659361839294,,False,28.849056603773583,22.625839235828025
maze512-1,random-fallback,27500.0,0.22,Oracle-risk (w=1.2),True,776.0,0.0148879999760538,0.0,0.495392,86.91697783528765,1.0,1.1767906285300151,0.6785339436920834,,0.5809659361839294,,False,1.9703608247422681,1.9455669032865957
den011d,random-fallback,37500.0,0.3,A*,True,4098.0,0.0887051000026986,0.0,0.499184,87.7918932244465,1.0,1.0159312908605036,0.0,,0.5237500071525574,,False,1.0,1.0
den011d,random-fallback,37500.0,0.3,wA* (w=1.2),True,61.0,0.001112199970521,0.0,0.499184,90.12751044039108,1.0,1.0527180897565755,2.660401923413813,,0.5237500071525574,,False,67.18032786885246,79.75643081625465
den011d,random-fallback,37500.0,0.3,NACHA*-S (w=1.0),True,16590.0,0.4618861000053584,0.1493263999582268,0.499184,87.7918932244465,1.0,1.0159312908605036,0.0,,0.5237500071525574,,False,0.24701627486437613,0.19204972828078073
den011d,random-fallback,37500.0,0.3,NACHA* (w=1.2),True,70.0,0.0014388000126928,0.1493263999582268,0.499184,88.76318493078264,1.0,1.0390767511672732,1.106356943291975,,0.5237500071525574,,False,58.542857142857144,61.65214013077587
den011d,random-fallback,37500.0,0.3,Oracle-risk (w=1.2),True,4162.0,0.1051124000223353,0.0,0.499184,87.7918932244465,1.0,1.0318625817210074,0.0,,0.5237500071525574,,False,0.9846227775108121,0.8439070935860059
den012d,random-fallback,43750.0,0.35,A*,True,5214.0,0.1124508999637328,0.0,0.50164,88.66680861360533,1.0,1.0312614009338186,0.0,,0.5274999737739563,,False,1.0,1.0
den012d,random-fallback,43750.0,0.35,wA* (w=1.2),True,59.0,0.0016325999749824,0.0,0.50164,89.34897136840955,1.0,1.0153412430508553,0.7693552587157759,,0.5274999737739563,,False,88.37288135593221,68.87841583174412
den012d,random-fallback,43750.0,0.35,NACHA*-S (w=1.0),True,16364.0,0.4528872000519186,0.1452409000485204,0.50164,88.76318493078264,1.0,1.0312614009338186,0.1086949205506115,,0.5274999737739563,,False,0.3186262527499389,0.24829781003049217
den012d,random-fallback,43750.0,0.35,NACHA* (w=1.2),True,66.0,0.0013548000133596,0.1452409000485204,0.50164,89.34897136840954,1.0,1.0153412430508553,0.7693552587157537,,0.5274999737739563,,False,79.0,83.0018444455723
den012d,random-fallback,43750.0,0.35,Oracle-risk (w=1.2),True,4804.0,0.0792811000137589,0.0,0.50164,88.66680861360533,1.0,1.0312614009338186,0.0,,0.5274999737739563,,False,1.085345545378851,1.41838218622367
den014d,random-fallback,31249.0,0.249992,A*,True,3830.0,0.0567762000137008,0.0,0.505424,87.50276427291456,1.0,1.0796564543025182,0.0,,0.5062500238418579,,False,1.0,1.0
den014d,random-fallback,31249.0,0.249992,wA* (w=1.2),True,57.0,0.0019021999905817,0.0,0.505424,88.66680861360533,1.0,1.0547074516341823,1.330294363113138,,0.5062500238418579,,False,67.19298245614036,29.847650244356497
den014d,random-fallback,31249.0,0.249992,NACHA*-S (w=1.0),True,15736.0,0.4195226000156253,0.1138666000333614,0.505424,87.50276427291456,1.0,1.0796564543025182,0.0,,0.5062500238418579,,False,0.24339095068632435,0.13533525967751475
den014d,random-fallback,31249.0,0.249992,NACHA* (w=1.2),True,56.0,0.0020661000162363,0.1138666000333614,0.505424,87.8882695416238,1.0,1.0557595180117627,0.4405635318067036,,0.5062500238418579,,False,68.39285714285714,27.4798894378438
den014d,random-fallback,31249.0,0.249992,Oracle-risk (w=1.2),True,2593.0,0.0605532000190578,0.0,0.505424,87.6955169072692,1.0,1.1335625815993329,0.2202817659033629,,0.5062500238418579,,False,1.477053605861936,0.9376250965404261
den013d,random-fallback,49999.0,0.399992,A*,True,5170.0,0.1006997000076808,0.0,0.491368,88.66680861360533,1.0,1.0078153502334546,0.0,,,,False,1.0,1.0
den013d,random-fallback,49999.0,0.399992,wA* (w=1.2),True,64.0,0.0017371000139974,0.0,0.491368,90.3202630747457,1.0,1.0301246227180434,1.8647952790833424,,,,False,80.78125,57.97000702104164
den013d,random-fallback,49999.0,0.399992,NACHA*-S (w=1.0),True,15878.0,0.4063977999612689,0.1759252000483684,0.491368,88.66680861360533,1.0,1.0078153502334546,0.0,,,,False,0.3256077591636226,0.24778603628582102
den013d,random-fallback,49999.0,0.399992,NACHA* (w=1.2),True,62.0,0.0012477000127546,0.1759252000483684,0.491368,88.76318493078264,1.0,1.0156307004669092,0.1086949205506115,,,,False,83.38709677419355,80.70826238541252
den013d,random-fallback,49999.0,0.399992,Oracle-risk (w=1.2),True,5045.0,0.110577400017064,0.0,0.491368,88.66680861360533,1.0,1.0156307004669092,0.0,,,,False,1.024777006937562,0.9106716199887238
maze512-2,random-fallback,22500.0,0.18,A*,True,2911.0,0.0426064999774098,0.0,0.496592,86.91697783528765,1.0,1.1457777326199,0.0,,0.5225694179534912,,False,1.0,1.0
maze512-2,random-fallback,22500.0,0.18,wA* (w=1.2),True,57.0,0.0010552000021561,0.0,0.496592,88.66680861360533,1.0,1.1388578831233658,2.013220917130476,,0.5225694179534912,,False,51.07017543859649,40.37765342148554
maze512-2,random-fallback,22500.0,0.18,NACHA*-S (w=1.0),True,16393.0,0.4478437000070698,0.1794424999970942,0.496592,86.91697783528767,1.0,1.1018043858136397,2.220446049250313e-14,,0.5225694179534912,,False,0.17757579454645275,0.09513698635648374
maze512-2,random-fallback,22500.0,0.18,NACHA* (w=1.2),True,59.0,0.0012470000074245,0.1794424999970942,0.496592,87.20610678681959,1.0,1.0893401801196871,0.3326495682809627,,0.5225694179534912,,False,49.33898305084746,34.16720106153601
maze512-2,random-fallback,22500.0,0.18,Oracle-risk (w=1.2),True,450.0,0.0082709999987855,0.0,0.496592,87.01335415246497,1.0,1.198851111095528,0.1108831894269801,,0.5225694179534912,,False,6.4688888888888885,5.151311810381582
random_3d,random-fallback,18750.0,0.15,A*,True,3014.0,0.0422066999599337,0.0,0.534968,86.91697783528765,1.0,1.1251916923696124,0.0,,0.5479166507720947,,False,1.0,1.0
random_3d,random-fallback,18750.0,0.15,wA* (w=1.2),True,55.0,0.0010168000007979,0.0,0.534968,87.10973046964227,1.0,1.1476674643292588,0.2217663788539603,,0.5479166507720947,,False,54.8,41.50934296500138
random_3d,random-fallback,18750.0,0.15,NACHA*-S (w=1.0),True,15483.0,0.4234832000220194,0.1337227000040002,0.534968,86.91697783528767,1.0,1.1771579970730024,2.220446049250313e-14,,0.5479166507720947,,False,0.19466511657947427,0.09966558285603568
random_3d,random-fallback,18750.0,0.15,NACHA* (w=1.2),True,56.0,0.0011633999529294,0.1337227000040002,0.534968,87.10973046964227,1.0,1.1476674643292588,0.2217663788539603,,0.5479166507720947,,False,53.82142857142857,36.278753367368395
random_3d,random-fallback,18750.0,0.15,Oracle-risk (w=1.2),True,714.0,0.0118059000233188,0.0,0.534968,87.10973046964227,1.0,1.222238417651501,0.2217663788539603,,0.5479166507720947,,False,4.221288515406163,3.5750514468670573
maze512-3,random-fallback,31249.0,0.249992,A*,True,4198.0,0.0703888999996706,0.0,0.47976,87.59914059009188,1.0,1.0557595180117627,0.0,,0.518750011920929,,False,1.0,1.0
maze512-3,random-fallback,31249.0,0.249992,wA* (w=1.2),True,67.0,0.0011433999752625,0.0,0.47976,90.80967319519527,1.0,1.0591733660532994,3.665027514512565,,0.518750011920929,,False,62.656716417910445,61.56104733473589
maze512-3,random-fallback,31249.0,0.249992,NACHA*-S (w=1.0),True,17017.0,0.3865930000320077,0.1137225999846123,0.47976,87.59914059009188,1.0,1.0937343544480735,0.0,,0.518750011920929,,False,0.24669448198859964,0.18207494702139668
maze512-3,random-fallback,31249.0,0.249992,NACHA* (w=1.2),True,84.0,0.0015758000081405,0.1137225999846123,0.47976,89.34897136840955,1.0,1.0536943506779937,1.9975433166699248,,0.518750011920929,,False,49.976190476190474,44.66867599698264
maze512-3,random-fallback,31249.0,0.249992,Oracle-risk (w=1.2),True,2010.0,0.0305425999686121,0.0,0.47976,87.69551690726918,1.0,1.127450326884029,0.1100197062757546,,0.518750011920929,,False,2.0885572139303483,2.304613885916968
random_3d_dense,random-fallback,37500.0,0.3,A*,True,3479.0,0.0647500000195577,0.0,0.501632,87.7918932244465,1.0,1.0238969362907555,0.0,,0.5274999737739563,,False,1.0,1.0
random_3d_dense,random-fallback,37500.0,0.3,wA* (w=1.2),True,59.0,0.0016802999889478,0.0,0.501632,89.54172400276417,1.0,1.0383531076271384,1.993157584429928,,0.5274999737739563,,False,58.96610169491525,38.534785720080855
random_3d_dense,random-fallback,37500.0,0.3,NACHA*-S (w=1.0),True,15342.0,0.3245085999951698,0.1621549000265076,0.501632,87.7918932244465,1.0,1.0318625817210074,0.0,,0.5274999737739563,,False,0.22676313388084995,0.19953246237702635
random_3d_dense,random-fallback,37500.0,0.3,NACHA* (w=1.2),True,65.0,0.0013567999703809,0.1621549000265076,0.501632,89.44534768558685,1.0,1.0153412430508553,1.883379433352883,,0.5274999737739563,,False,53.52307692307692,47.72258360337388
random_3d_dense,random-fallback,37500.0,0.3,Oracle-risk (w=1.2),True,2814.0,0.0390503999660722,0.0,0.501632,87.88826954162381,1.0,1.0637251634420146,0.1097781510770223,,0.5274999737739563,,False,1.236318407960199,1.6581136192155228
spheres,synthetic,7153.0,0.057224,A*,True,40237.0,1.1221777999890037,0.0,0.92552,95.1029308929382,1.0,11.834001607063168,0.0,,0.9805825352668762,,True,1.0,1.0
spheres,synthetic,7153.0,0.057224,wA* (w=1.2),True,1871.0,0.0332580999820493,0.0,0.92552,95.10293089293826,1.0,12.704893740964916,6.661338147750939e-14,,0.9805825352668762,,True,21.505611972207376,33.74148855751492
spheres,synthetic,7153.0,0.057224,NACHA*-S (w=1.0),True,56996.0,2.088933499995619,0.1377406000392511,0.92552,95.10293089293828,1.0,16.02655647245478,8.881784197001252e-14,,0.9805825352668762,,True,0.7059618218822373,0.537201303914824
spheres,synthetic,7153.0,0.057224,NACHA* (w=1.2),True,4183.0,0.0647838999866508,0.1377406000392511,0.92552,95.10293089293826,1.0,12.906084301597554,6.661338147750939e-14,,0.9805825352668762,,True,9.619172842457566,17.321862379699844
spheres,synthetic,7153.0,0.057224,Oracle-risk (w=1.2),True,3907.0,0.0559900000225752,0.0,0.92552,95.10293089293826,1.0,13.077136421746996,6.661338147750939e-14,,0.9805825352668762,,True,10.29869465062708,20.04246828963281
cube,synthetic,15625.0,0.125,A*,True,70043.0,2.0328838999848813,0.0,0.912704,101.92455844098032,1.0,10.656878745662022,0.0,,0.9700000286102295,,True,1.0,1.0
cube,synthetic,15625.0,0.125,wA* (w=1.2),True,13104.0,0.342450900003314,0.0,0.912704,101.92455844098042,1.0,6.943533147277688,8.881784197001252e-14,,0.9700000286102295,,True,5.3451617826617825,5.936278456167609
cube,synthetic,15625.0,0.125,NACHA*-S (w=1.0),True,69068.0,1.4285043000127189,0.1319077999796718,0.912704,101.92455844098032,1.0,13.367237264413692,2.220446049250313e-14,,0.9700000286102295,,True,1.0141165228470492,1.423085600769127
cube,synthetic,15625.0,0.125,NACHA* (w=1.2),True,14847.0,0.2273439000127837,0.1319077999796718,0.912704,101.92455844098043,1.0,8.385018646082777,1.1102230246251565e-13,,0.9700000286102295,,True,4.71765339799286,8.941888917497108
cube,synthetic,15625.0,0.125,Oracle-risk (w=1.2),True,16441.0,0.2683546000043861,0.0,0.912704,101.92455844098043,1.0,8.594619553515738,1.1102230246251565e-13,,0.9700000286102295,,True,4.260263974210814,7.575364461617781
wall_xz+cube,synthetic,17500.0,0.14,A*,False,54375.0,1.4115274000214413,0.0,0.89092,,,,,,0.949999988079071,,True,,
wall_xz+cube,synthetic,17500.0,0.14,wA* (w=1.2),False,54375.0,1.4052800000063144,0.0,0.89092,,,,,,0.949999988079071,,True,,
wall_xz+cube,synthetic,17500.0,0.14,NACHA*-S (w=1.0),False,54375.0,0.9375991000561044,0.1361626000143587,0.89092,,,,,,0.949999988079071,,True,,
wall_xz+cube,synthetic,17500.0,0.14,NACHA* (w=1.2),False,54375.0,0.920267599984072,0.1361626000143587,0.89092,,,,,,0.949999988079071,,True,,
wall_xz+cube,synthetic,17500.0,0.14,Oracle-risk (w=1.2),False,54375.0,0.854206999996677,0.0,0.89092,,,,,,0.949999988079071,,True,,
stanford_area_1,synthetic,44547.0,0.356376,A*,False,80452.0,2.4266542999539524,0.0,0.879312,,,,,,1.0,,True,,
stanford_area_1,synthetic,44547.0,0.356376,wA* (w=1.2),False,80452.0,1.1980267000035385,0.0,0.879312,,,,,,1.0,,True,,
stanford_area_1,synthetic,44547.0,0.356376,NACHA*-S (w=1.0),False,80452.0,1.3263590999995358,0.1752278000349179,0.879312,,,,,,1.0,,True,,
stanford_area_1,synthetic,44547.0,0.356376,NACHA* (w=1.2),False,80452.0,1.2859032999840565,0.1752278000349179,0.879312,,,,,,1.0,,True,,
stanford_area_1,synthetic,44547.0,0.356376,Oracle-risk (w=1.2),False,80452.0,1.972384799970314,0.0,0.879312,,,,,,1.0,,True,,
stanford_area_3,synthetic,35149.0,0.281192,A*,False,89850.0,2.7840590000269003,0.0,0.960504,,,,,,1.0,,True,,
stanford_area_3,synthetic,35149.0,0.281192,wA* (w=1.2),False,89850.0,1.3797100000083449,0.0,0.960504,,,,,,1.0,,True,,
stanford_area_3,synthetic,35149.0,0.281192,NACHA*-S (w=1.0),False,89850.0,1.5162548000225795,0.1381817999645136,0.960504,,,,,,1.0,,True,,
stanford_area_3,synthetic,35149.0,0.281192,NACHA* (w=1.2),False,89850.0,1.490522800013423,0.1381817999645136,0.960504,,,,,,1.0,,True,,
stanford_area_3,synthetic,35149.0,0.281192,Oracle-risk (w=1.2),False,89850.0,1.2844303000019863,0.0,0.960504,,,,,,1.0,,True,,
empty,synthetic,0.0,0.0,NACHA* gated,True,50.0,0.000831699988339,0.0,,84.87048957087501,50.0,50.0,0.0,,,False,False,1.0,0.9386798345550625
wall_xy,synthetic,2491.0,0.019928,NACHA* gated,True,50.0,0.0022029000101611,0.1322730999672785,0.941496,84.87048957087501,1.4142135623730951,12.05892556509888,0.0,,1.0,True,True,1.0,0.3752780446960653
wall_xz,synthetic,2491.0,0.019928,NACHA* gated,True,50.0,0.0011281999759376,0.1170750000164844,0.958064,84.87048957087501,1.4142135623730951,12.05892556509888,0.0,,1.0,True,True,1.0,0.7374579049533834
random_sparse,synthetic,50.0,0.0004,NACHA* gated,True,50.0,0.0008770999847911,0.0,0.547944,84.87048957087501,5.744562646538029,8.955505764952528,0.0,,0.550000011920929,False,False,1.0,0.9686467027194742
corridor,synthetic,93748.0,0.749984,NACHA* gated,False,1.0,2.640002639964223e-05,0.1276246999623254,0.947424,,,,,,0.9975000023841858,True,True,,
cube+corridor,synthetic,109373.0,0.874984,NACHA* gated,False,1.0,3.090000245720148e-05,0.158336499996949,0.950496,,,,,,0.9725000262260437,True,True,,
wall_xy+wall_xz,synthetic,4935.0,0.03948,NACHA* gated,True,50.0,0.0023353999713435,0.2010647000279277,0.769448,84.87048957087501,1.4142135623730951,12.05892556509888,0.0,,0.9215686321258545,True,True,1.0,0.4235677124289064
corridor+spheres,synthetic,100899.0,0.807192,NACHA* gated,False,1.0,3.220001235604286e-05,0.1631938000209629,0.915,,,,,,0.9714285731315613,True,True,,
random_dense+wall_xy,synthetic,2689.0,0.021512,NACHA* gated,True,50.0,0.0011581999715417,0.1915040999883785,0.858184,84.87048957087501,1.0,3.8674617754261966,0.0,,0.7974137663841248,True,True,1.0,1.2074771466324876
random_sparse+random_dense,synthetic,250.0,0.002,NACHA* gated,True,50.0,0.0017224000184796,0.0,0.539504,84.87048957087501,1.0,4.341859644710078,0.0,,0.6499999761581421,False,False,1.0,0.8742452292378065
A2,movingai-file,1422.0,0.011376,NACHA* gated,True,51.0,0.0008812000160105,0.0,0.889224,85.64902864285654,1.0,5.339904181209287,0.1126514661526023,,0.567187488079071,False,False,5.627450980392157,4.76963222099172
A1,movingai-file,1363.0,0.010904,NACHA* gated,True,54.0,0.0009070999803952,0.0,0.866384,86.91697783528765,1.0,6.414209937693909,0.7910526092826276,,0.49125000834465027,False,False,25.38888888888889,20.43964322315998
A3,movingai-file,1546.0,0.012368,NACHA* gated,True,52.0,0.0008924000430852,0.0,0.858472,86.23481508048344,1.0,5.879905655964605,0.0,,0.5012500286102295,False,False,26.846153846153847,21.983750644759084
A4,movingai-file,1458.0,0.011664,NACHA* gated,True,53.0,0.0009000999853014,0.0,0.86868,86.23481508048344,1.0,5.913189609276718,0.0,,0.5269886255264282,False,False,27.0188679245283,21.973114475286103
A5,movingai-file,1626.0,0.013008,NACHA* gated,True,55.0,0.000941900012549,0.0,0.864408,86.23481508048344,1.0,5.8391521531106205,0.0,,0.5137500166893005,False,False,25.509090909090908,20.2922813083087
random_dense,synthetic,200.0,0.0016,NACHA* gated,True,50.0,0.0008617000421509,0.0,0.559072,84.87048957087501,1.0,4.3697880872458335,0.0,,0.612500011920929,False,False,1.0,0.9492862486045378
A8,random-fallback,18749.0,0.149992,NACHA* gated,True,55.0,0.0016876999870873,0.0,0.48268,87.20610678681959,1.0,1.244742849027664,1.013440652207365,,0.5395833253860474,False,False,28.145454545454545,18.30852654118742
A7,random-fallback,39999.0,0.319992,NACHA* gated,True,59.0,0.0016926000243984,0.0,0.475448,89.54172400276416,1.0,1.053694350677994,1.9931575844299052,,0.512499988079071,False,False,59.559322033898304,39.19183447565529
A6,random-fallback,22500.0,0.18,NACHA* gated,True,56.0,0.0010302999871782,0.0,0.500632,87.88826954162381,1.0,1.1273239286221155,1.1174936479922293,,0.5503472089767456,False,False,46.482142857142854,43.6111817466056
A10,random-fallback,28750.0,0.23,NACHA* gated,True,56.0,0.0010498000192455,0.0,0.537616,87.98464585880113,1.0,1.0796564543025182,1.1162559078394585,,0.5,False,False,47.339285714285715,36.84025462774231
AR001,random-fallback,43750.0,0.35,NACHA* gated,True,62.0,0.0016900000046007,0.0,0.501272,89.44534768558685,1.0,1.0076706215254276,1.9953480406164517,,0.518750011920929,False,False,56.854838709677416,37.332189225597396
A9,random-fallback,33749.0,0.269992,NACHA* gated,True,58.0,0.0017535000224597,0.0,0.515,88.66680861360534,1.0,1.0390767511672732,1.218811070886483,,0.5199999809265137,False,False,66.82758620689656,48.61528311744701
stanford_area_2,synthetic,31250.0,0.25,NACHA* gated,True,484.0,0.0146321000065654,0.1878830000059679,0.67476,89.44534768558688,1.0,2.0061796985479505,0.2159630588264516,,0.7749999761581421,True,True,11.293388429752065,8.853609528971358
AR002,random-fallback,49999.0,0.399992,NACHA* gated,True,60.0,0.0010278999689035,0.0,0.48932,89.44534768558687,1.0,1.0230118645762831,1.0978265838337498,,0.5149999856948853,False,False,69.76666666666667,93.809906537601
AR003,random-fallback,37499.0,0.299992,NACHA* gated,True,58.0,0.0016293000080622,0.0,0.505944,89.44534768558685,1.0,1.0306824861017108,2.10756302294568,,0.5412499904632568,False,False,63.03448275862069,32.6955746137161
AR004,random-fallback,47499.0,0.379992,NACHA* gated,True,66.0,0.0011004999978467,0.0,0.502216,90.80967319519527,1.0,1.0295866830266498,2.6398893891474096,,0.5062500238418579,False,False,73.68181818181819,105.53475714050904
BA3,movingai-file,1566.0,0.012528,NACHA* gated,True,59.0,0.0009537000441923,0.0,0.846784,87.01335415246496,1.0,4.95644285800133,0.7901695131971698,,0.49125000834465027,False,False,29.440677966101696,23.7535902046606
BC1,movingai-file,2597.0,0.020776,NACHA* gated,True,51.0,0.0008565000025555,0.0,0.827736,85.64902864285654,1.0,10.405475478073384,0.1126514661526023,,0.550000011920929,False,False,6.1568627450980395,5.366141205193142
BC3,random-fallback,27500.0,0.22,NACHA* gated,True,55.0,0.0010554999462328,0.0,0.52196,87.20610678681959,1.0,1.0730965110070168,1.0134406522073425,,0.5440340638160706,False,False,25.30909090909091,27.996874929517457
BC2,movingai-file,2862.0,0.022896,NACHA* gated,True,59.0,0.0009399999980814,0.0,0.837696,86.91697783528765,1.0,11.26961995170506,0.0,,0.5012500286102295,False,False,44.355932203389834,45.56744691972543
BA4,random-fallback,35000.0,0.28,NACHA* gated,True,59.0,0.0017655999981798,0.0,0.497736,89.44534768558685,1.0,1.0383531076271384,1.9953480406164517,,0.5049999952316284,False,False,69.2542372881356,35.969415526973116
BA5,random-fallback,40000.0,0.32,NACHA* gated,True,57.0,0.0009929999941959,0.0,0.490424,89.54172400276416,1.0,1.0383531076271384,1.9931575844299052,,0.5149999856948853,False,False,63.14035087719298,52.02366595719875
BC4,random-fallback,22499.0,0.179992,NACHA* gated,True,54.0,0.0016146000125445,0.0,0.502832,87.2061067868196,1.0,1.040609172781676,1.126333610653241,,0.5694444179534912,False,False,21.037037037037038,19.204508717936914
BA1,movingai-file,1688.0,0.013504,NACHA* gated,True,53.0,0.0008764000376686,0.0,0.821912,87.10973046964226,1.0,5.209095904034081,0.2217663788539603,,0.5475000143051147,False,False,62.264150943396224,80.83751362706519
BR2,random-fallback,31250.0,0.25,NACHA* gated,True,58.0,0.0010806000209413,0.0,0.522888,87.8882695416238,1.0,1.085768709017822,1.0054955330486504,,0.5350000262260437,False,False,37.6551724137931,50.54229032112839
DA1,movingai-file,1790.0,0.01432,NACHA* gated,True,51.0,0.0017077999655157,0.0,0.760464,85.55265232567922,1.0,9.740646085030695,0.0,,0.5677083134651184,False,False,8.352941176470589,3.817543144495317
BR1,random-fallback,27500.0,0.22,NACHA* gated,True,54.0,0.0017205000040121,0.0,0.468328,87.20610678681959,1.0,1.0649746764506816,0.3326495682809405,,0.5795454382896423,False,False,42.55555555555556,19.506538728224772
BC5,random-fallback,33750.0,0.27,NACHA* gated,True,62.0,0.0018182999920099,0.0,0.515096,91.00242582954992,1.0,1.0443800245399744,3.770898489346397,,0.5237500071525574,False,False,53.274193548387096,30.669691610479514
DA2,movingai-file,1972.0,0.015776,NACHA* gated,True,53.0,0.000947399996221,0.0,0.816248,85.64902864285654,1.0,9.62398669483895,0.1126514661526023,,0.5375000238418579,False,False,5.509433962264151,4.643445205419125
BR3,random-fallback,25000.0,0.2,NACHA* gated,True,53.0,0.0016859999741427,0.0,0.505272,87.20610678681957,1.0,1.129820476242157,0.3326495682809405,,0.5921875238418579,False,False,48.660377358490564,25.891578079796442
BR5,random-fallback,28749.0,0.229992,NACHA* gated,True,55.0,0.001799099962227,0.0,0.541536,87.9846458588011,1.0,1.0618717727270663,1.1162559078394363,,0.58152174949646,False,False,53.6,27.301929332773483
BA2,movingai-file,1885.0,0.01508,NACHA* gated,True,52.0,0.0015029000351205,0.0,0.756656,86.33119139766075,1.0,4.188222130885173,0.1117603337902117,,0.5012500286102295,False,False,26.865384615384617,14.557122554757788
BR4,random-fallback,35000.0,0.28,NACHA* gated,True,57.0,0.0010179000091738,0.0,0.498392,89.44534768558685,1.0,1.0383531076271384,1.883379433352883,,0.4950000047683716,False,False,78.7719298245614,93.22919653701071
DA5,random-fallback,17499.0,0.139992,NACHA* gated,True,52.0,0.0009765999857336,0.0,0.505208,86.42756771483808,1.0,1.1698517351248277,0.9089876258000952,,0.5223214030265808,False,False,7.4423076923076925,7.280360546577652
DA4,random-fallback,22500.0,0.18,NACHA* gated,True,54.0,0.0017311000265181,0.0,0.538144,87.10973046964229,1.0,1.1137056837886927,1.014573276863029,,0.5486111044883728,False,False,19.90740740740741,10.443070749795105
DA3,movingai-file,1951.0,0.015608,NACHA* gated,True,51.0,0.0008749000262469,0.0,0.816672,85.64902864285654,1.0,8.360474335486945,0.1126514661526023,,0.612500011920929,False,False,5.96078431372549,5.029603275117277
stanford_area_4,synthetic,10496.0,0.083968,NACHA* gated,True,2534.0,0.0744731000158935,0.141952600039076,0.949512,95.78509364774249,1.0,10.019760150156255,6.661338147750939e-14,,0.9610389471054077,True,True,14.74782951854775,14.445723352203164
maze512,random-fallback,24999.0,0.199992,NACHA* gated,True,52.0,0.0015898999990895,0.0,0.506456,86.33119139766075,1.0,1.102842712474619,0.1117603337901895,,0.5328124761581421,False,False,24.25,12.22787598162072
maze512-1,random-fallback,27500.0,0.22,NACHA* gated,True,55.0,0.0017050000024028,0.0,0.495392,87.10973046964227,1.0,1.1137056837886925,0.901805082702256,,0.5809659361839294,False,False,27.8,16.988621682534685
den011d,random-fallback,37500.0,0.3,NACHA* gated,True,61.0,0.001112199970521,0.0,0.499184,90.12751044039108,1.0,1.0527180897565755,2.660401923413813,,0.5237500071525574,False,False,67.18032786885246,79.75643081625465
den012d,random-fallback,43750.0,0.35,NACHA* gated,True,59.0,0.0016325999749824,0.0,0.50164,89.34897136840955,1.0,1.0153412430508553,0.7693552587157759,,0.5274999737739563,False,False,88.37288135593221,68.87841583174412
den014d,random-fallback,31249.0,0.249992,NACHA* gated,True,57.0,0.0019021999905817,0.0,0.505424,88.66680861360533,1.0,1.0547074516341823,1.330294363113138,,0.5062500238418579,False,False,67.19298245614036,29.847650244356497
den013d,random-fallback,49999.0,0.399992,NACHA* gated,True,64.0,0.0017371000139974,0.0,0.491368,90.3202630747457,1.0,1.0301246227180434,1.8647952790833424,,,False,False,80.78125,57.97000702104164
maze512-2,random-fallback,22500.0,0.18,NACHA* gated,True,57.0,0.0010552000021561,0.0,0.496592,88.66680861360533,1.0,1.1388578831233658,2.013220917130476,,0.5225694179534912,False,False,51.07017543859649,40.37765342148554
random_3d,random-fallback,18750.0,0.15,NACHA* gated,True,55.0,0.0010168000007979,0.0,0.534968,87.10973046964227,1.0,1.1476674643292588,0.2217663788539603,,0.5479166507720947,False,False,54.8,41.50934296500138
maze512-3,random-fallback,31249.0,0.249992,NACHA* gated,True,67.0,0.0011433999752625,0.0,0.47976,90.80967319519527,1.0,1.0591733660532994,3.665027514512565,,0.518750011920929,False,False,62.656716417910445,61.56104733473589
random_3d_dense,random-fallback,37500.0,0.3,NACHA* gated,True,59.0,0.0016802999889478,0.0,0.501632,89.54172400276417,1.0,1.0383531076271384,1.993157584429928,,0.5274999737739563,False,False,58.96610169491525,38.534785720080855
spheres,synthetic,7153.0,0.057224,NACHA* gated,True,4183.0,0.0647838999866508,0.1377406000392511,0.92552,95.10293089293826,1.0,12.906084301597554,6.661338147750939e-14,,0.9805825352668762,True,True,9.619172842457566,17.321862379699844
cube,synthetic,15625.0,0.125,NACHA* gated,True,14847.0,0.2273439000127837,0.1319077999796718,0.912704,101.92455844098043,1.0,8.385018646082777,1.1102230246251565e-13,,0.9700000286102295,True,True,4.71765339799286,8.941888917497108
wall_xz+cube,synthetic,17500.0,0.14,NACHA* gated,False,54375.0,0.920267599984072,0.1361626000143587,0.89092,,,,,,0.949999988079071,True,True,,
stanford_area_1,synthetic,44547.0,0.356376,NACHA* gated,False,80452.0,1.2859032999840565,0.1752278000349179,0.879312,,,,,,1.0,True,True,,
stanford_area_3,synthetic,35149.0,0.281192,NACHA* gated,False,89850.0,1.490522800013423,0.1381817999645136,0.960504,,,,,,1.0,True,True,,
