Environment,Algorithm,Success Rate (%),Avg Time (s),Std Time (s),Avg Path Length,Avg Nodes Expanded,Sub-optimality (%),Speedup vs Base
empty,A* Baseline,100.0,0.035479760030284524,0.009652167775483009,84.87048957087501,50,0.0,1.00x
empty,NACHA* (Proposed),100.0,0.007050599996000528,0.0013528246675136245,84.87048957087501,50,0.0,5.03x
empty,NACHA* (Ablation: No Neural),100.0,0.0029411600437015293,0.00015057390444919922,84.87048957087501,50,0.0,12.06x
empty,Neural A*,100.0,0.040419280016794804,0.0008562835062008154,84.87048957087501,50,0.0,0.88x
empty,BIT*,0.0,,,,0,,N/A
empty,RRT*,100.0,0.8502062800340354,0.08909116074618666,90.30129278911035,250,6.4,0.04x
empty,JPS,100.0,0.0146813599858433,0.00011384633818451348,84.870489570875,2,0.0,2.42x
empty,D* Lite,100.0,0.06285988008603453,0.0012058150255401397,84.87048957087501,50,0.0,0.56x
random_sparse,A* Baseline,100.0,0.0313196400180459,0.00025095370223319574,84.87048957087501,50,0.0,1.00x
random_sparse,NACHA* (Proposed),100.0,0.006699119973927736,0.00023592028252570797,84.87048957087501,50,0.0,4.68x
random_sparse,NACHA* (Ablation: No Neural),100.0,0.0030533199664205314,0.0003140565790665831,84.87048957087501,50,0.0,10.26x
random_sparse,Neural A*,100.0,0.039448300004005434,0.00019961139135384423,84.87048957087501,50,0.0,0.79x
random_sparse,BIT*,0.0,,,,0,,N/A
random_sparse,RRT*,100.0,1.0158266799524427,0.1669531779340457,91.77610536082435,258,8.14,0.03x
random_sparse,JPS,100.0,0.01993975997902453,0.0027215740058215807,84.870489570875,2,0.0,1.57x
random_sparse,D* Lite,100.0,0.08527293996885418,0.013797320593063357,84.87048957087501,50,0.0,0.37x
random_dense,A* Baseline,100.0,0.04750634003430605,0.012674160639322092,84.87048957087501,50,0.0,1.00x
random_dense,NACHA* (Proposed),100.0,0.006561699975281954,0.00014205576684756083,84.87048957087501,50,0.0,7.24x
random_dense,NACHA* (Ablation: No Neural),100.0,0.002929259929805994,4.644862956921235e-05,84.87048957087501,50,0.0,16.22x
random_dense,Neural A*,100.0,0.041859300015494226,0.0010704595270353938,84.87048957087501,50,0.0,1.13x
random_dense,BIT*,0.0,,,,0,,N/A
random_dense,RRT*,100.0,1.1030700800009072,0.3406403955446481,91.26505161352149,285,7.53,0.04x
random_dense,JPS,100.0,0.014374279975891113,0.0003167531274471594,84.870489570875,2,0.0,3.30x
random_dense,D* Lite,100.0,0.06337844002991914,0.0004048494103817452,84.87048957087501,50,0.0,0.75x
wall_xy,A* Baseline,100.0,0.034203079994767904,0.004802721137418775,84.87048957087501,50,0.0,1.00x
wall_xy,NACHA* (Proposed),100.0,0.006658560037612915,9.201500094669635e-05,84.87048957087501,50,0.0,5.14x
wall_xy,NACHA* (Ablation: No Neural),100.0,0.0030301599763333797,9.276382536247901e-05,84.87048957087501,50,0.0,11.29x
wall_xy,Neural A*,100.0,0.04814845994114876,0.005173595643429124,84.87048957087501,50,0.0,0.71x
wall_xy,BIT*,0.0,,,,0,,N/A
wall_xy,RRT*,20.0,0.7439114998560399,0.0,89.9909021555692,240,6.03,0.05x
wall_xy,JPS,0.0,,,,0,,N/A
wall_xy,D* Lite,100.0,0.06264837998896837,0.0004940789712406602,84.87048957087501,50,0.0,0.55x
wall_xz,A* Baseline,100.0,0.03192449994385242,0.0006968041766796061,84.87048957087501,50,0.0,1.00x
wall_xz,NACHA* (Proposed),100.0,0.008846520073711872,0.002482022999424081,84.87048957087501,50,0.0,3.61x
wall_xz,NACHA* (Ablation: No Neural),100.0,0.0051075799856334925,0.001728569555240965,84.87048957087501,50,0.0,6.25x
wall_xz,Neural A*,100.0,0.04716822002083063,0.010897944260415496,84.87048957087501,50,0.0,0.68x
wall_xz,BIT*,0.0,,,,0,,N/A
wall_xz,RRT*,20.0,1.0082461999263614,0.0,94.4793207382738,297,11.32,0.03x
wall_xz,JPS,0.0,,,,0,,N/A
wall_xz,D* Lite,100.0,0.06304526003077626,0.001030778863656541,84.87048957087501,50,0.0,0.51x
cube,A* Baseline,100.0,94.621805739915,5.224270573588403,101.92455844098032,214350,0.0,1.00x
cube,NACHA* (Proposed),100.0,4.359321200009435,0.3758061145449223,101.92455844098042,37086,0.0,21.71x
cube,NACHA* (Ablation: No Neural),0.0,,,,0,,N/A
cube,Neural A*,100.0,109.9602205000352,4.652851771952539,101.92455844098032,214350,0.0,0.86x
cube,BIT*,0.0,,,,0,,N/A
cube,RRT*,60.0,1.6676763001208503,0.10166152960117848,104.73062955805317,465,2.75,56.74x
cube,JPS,0.0,,,,0,,N/A
cube,D* Lite,100.0,217.63052870007232,12.285932927502,101.92455844098045,70044,0.0,0.43x
corridor,A* Baseline,0.0,,,,0,,N/A
corridor,NACHA* (Proposed),0.0,,,,0,,N/A
corridor,NACHA* (Ablation: No Neural),0.0,,,,0,,N/A
corridor,Neural A*,0.0,,,,0,,N/A
corridor,BIT*,0.0,,,,0,,N/A
corridor,RRT*,0.0,,,,0,,N/A
corridor,JPS,0.0,,,,0,,N/A
corridor,D* Lite,0.0,,,,0,,N/A
spheres,A* Baseline,100.0,51.22421157998033,1.3778756711691271,95.10293089293819,115282,0.0,1.00x
spheres,NACHA* (Proposed),100.0,0.40737771997228267,0.008310401750251837,95.10293089293826,3509,0.0,125.74x
spheres,NACHA* (Ablation: No Neural),0.0,,,,0,,N/A
spheres,Neural A*,100.0,56.883822459960356,0.5349076226005931,95.10293089293819,115282,0.0,0.90x
spheres,BIT*,0.0,,,,0,,N/A
spheres,RRT*,20.0,1.599240600131452,0.0,100.30928300296728,395,5.47,32.03x
spheres,JPS,0.0,,,,0,,N/A
spheres,D* Lite,100.0,119.79245589999482,6.875129875359654,95.10293089293829,40237,0.0,0.43x
random_sparse+random_dense,A* Baseline,100.0,0.03136916006915271,0.0005098517977540963,84.87048957087501,50,0.0,1.00x
random_sparse+random_dense,NACHA* (Proposed),100.0,0.006648880010470748,8.618377484282533e-05,84.87048957087501,50,0.0,4.72x
random_sparse+random_dense,NACHA* (Ablation: No Neural),100.0,0.003018979961052537,4.779633538614209e-05,84.87048957087501,50,0.0,10.39x
random_sparse+random_dense,Neural A*,100.0,0.04043513997457922,0.00034199369556481865,84.87048957087501,50,0.0,0.78x
random_sparse+random_dense,BIT*,0.0,,,,0,,N/A
random_sparse+random_dense,RRT*,100.0,1.0190838799811899,0.1240289629045534,91.25156967440975,275,7.52,0.03x
random_sparse+random_dense,JPS,100.0,0.014382999995723367,0.0002642943753829381,84.870489570875,2,0.0,2.18x
random_sparse+random_dense,D* Lite,100.0,0.06428556004539132,0.0006565726190463537,84.87048957087501,50,0.0,0.49x
random_dense+wall_xy,A* Baseline,100.0,0.031735939998179676,0.0008903676577838465,84.87048957087501,50,0.0,1.00x
random_dense+wall_xy,NACHA* (Proposed),100.0,0.0068809800315648316,9.39968063289578e-05,84.87048957087501,50,0.0,4.61x
random_dense+wall_xy,NACHA* (Ablation: No Neural),100.0,0.0030378400348126887,6.222979828839606e-05,84.87048957087501,50,0.0,10.45x
random_dense+wall_xy,Neural A*,100.0,0.03997245989739895,0.00026757661224211774,84.87048957087501,50,0.0,0.79x
random_dense+wall_xy,BIT*,0.0,,,,0,,N/A
random_dense+wall_xy,RRT*,20.0,0.9373578999657184,0.0,89.94463963112518,287,5.98,0.03x
random_dense+wall_xy,JPS,0.0,,,,0,,N/A
random_dense+wall_xy,D* Lite,100.0,0.06265011997893452,0.0003536459846616807,84.87048957087501,50,0.0,0.51x
wall_xy+wall_xz,A* Baseline,100.0,0.031363379955291745,0.0007590141237440749,84.87048957087501,50,0.0,1.00x
wall_xy+wall_xz,NACHA* (Proposed),100.0,0.00668440000154078,0.00021011065959274566,84.87048957087501,50,0.0,4.69x
wall_xy+wall_xz,NACHA* (Ablation: No Neural),100.0,0.003135040029883385,0.00018105579322135298,84.87048957087501,50,0.0,10.00x
wall_xy+wall_xz,Neural A*,100.0,0.04014142001979053,0.00021961907356741878,84.87048957087501,50,0.0,0.78x
wall_xy+wall_xz,BIT*,0.0,,,,0,,N/A
wall_xy+wall_xz,RRT*,100.0,1.1810625799465924,0.20571121265802644,91.92970488942497,353,8.32,0.03x
wall_xy+wall_xz,JPS,0.0,,,,0,,N/A
wall_xy+wall_xz,D* Lite,100.0,0.06882640002295375,0.00882165066739843,84.87048957087501,50,0.0,0.46x
wall_xz+cube,A* Baseline,0.0,,,,0,,N/A
wall_xz+cube,NACHA* (Proposed),0.0,,,,0,,N/A
wall_xz+cube,NACHA* (Ablation: No Neural),0.0,,,,0,,N/A
wall_xz+cube,Neural A*,0.0,,,,0,,N/A
wall_xz+cube,BIT*,0.0,,,,0,,N/A
wall_xz+cube,RRT*,0.0,,,,0,,N/A
wall_xz+cube,JPS,0.0,,,,0,,N/A
wall_xz+cube,D* Lite,0.0,,,,0,,N/A
cube+corridor,A* Baseline,0.0,,,,0,,N/A
cube+corridor,NACHA* (Proposed),0.0,,,,0,,N/A
cube+corridor,NACHA* (Ablation: No Neural),0.0,,,,0,,N/A
cube+corridor,Neural A*,0.0,,,,0,,N/A
cube+corridor,BIT*,0.0,,,,0,,N/A
cube+corridor,RRT*,0.0,,,,0,,N/A
cube+corridor,JPS,0.0,,,,0,,N/A
cube+corridor,D* Lite,0.0,,,,0,,N/A
corridor+spheres,A* Baseline,0.0,,,,0,,N/A
corridor+spheres,NACHA* (Proposed),0.0,,,,0,,N/A
corridor+spheres,NACHA* (Ablation: No Neural),0.0,,,,0,,N/A
corridor+spheres,Neural A*,0.0,,,,0,,N/A
corridor+spheres,BIT*,0.0,,,,0,,N/A
corridor+spheres,RRT*,0.0,,,,0,,N/A
corridor+spheres,JPS,0.0,,,,0,,N/A
corridor+spheres,D* Lite,0.0,,,,0,,N/A
stanford_area_1,A* Baseline,0.0,,,,0,,N/A
stanford_area_1,NACHA* (Proposed),0.0,,,,0,,N/A
stanford_area_1,NACHA* (Ablation: No Neural),0.0,,,,0,,N/A
stanford_area_1,Neural A*,0.0,,,,0,,N/A
stanford_area_1,BIT*,0.0,,,,0,,N/A
stanford_area_1,RRT*,0.0,,,,0,,N/A
stanford_area_1,JPS,0.0,,,,0,,N/A
stanford_area_1,D* Lite,0.0,,,,0,,N/A
stanford_area_2,A* Baseline,100.0,4.708285760041326,0.6919177873362072,89.25259505123225,10784,0.0,1.00x
stanford_area_2,NACHA* (Proposed),100.0,0.010669380007311702,0.0026083410377476567,90.80967319519532,67,1.74,441.29x
stanford_area_2,NACHA* (Ablation: No Neural),100.0,0.644378459919244,0.04841481261916816,89.25259505123225,10787,0.0,7.31x
stanford_area_2,Neural A*,100.0,4.2889560800045725,0.29163668321412956,89.25259505123225,10784,0.0,1.10x
stanford_area_2,BIT*,0.0,,,,0,,N/A
stanford_area_2,RRT*,0.0,,,,0,,N/A
stanford_area_2,JPS,0.0,,,,0,,N/A
stanford_area_2,D* Lite,100.0,9.483909980021417,0.47604956909087087,89.25259505123225,5773,0.0,0.50x
stanford_area_3,A* Baseline,0.0,,,,0,,N/A
stanford_area_3,NACHA* (Proposed),0.0,,,,0,,N/A
stanford_area_3,NACHA* (Ablation: No Neural),0.0,,,,0,,N/A
stanford_area_3,Neural A*,0.0,,,,0,,N/A
stanford_area_3,BIT*,0.0,,,,0,,N/A
stanford_area_3,RRT*,0.0,,,,0,,N/A
stanford_area_3,JPS,0.0,,,,0,,N/A
stanford_area_3,D* Lite,0.0,,,,0,,N/A
stanford_area_4,A* Baseline,100.0,49.46514380001463,0.7971462926856836,95.78509364774241,114894,0.0,1.00x
stanford_area_4,NACHA* (Proposed),100.0,0.39699597996659575,0.1076126327231285,95.78509364774247,2801,0.0,124.60x
stanford_area_4,NACHA* (Ablation: No Neural),0.0,,,,0,,N/A
stanford_area_4,Neural A*,100.0,56.19808479999192,0.5102738479213673,95.78509364774241,114894,0.0,0.88x
stanford_area_4,BIT*,0.0,,,,0,,N/A
stanford_area_4,RRT*,80.0,1.7182093999581411,0.165651275914498,98.58152440859376,394,2.92,28.79x
stanford_area_4,JPS,0.0,,,,0,,N/A
stanford_area_4,D* Lite,100.0,105.6944607400801,3.029828899512756,95.7850936477425,35829,0.0,0.47x
A1,A* Baseline,100.0,0.7491818399634212,0.004871230572569768,86.23481508048344,1608,0.0,1.00x
A1,NACHA* (Proposed),100.0,0.007126939995214343,4.129652803464544e-05,86.91697783528765,54,0.79,105.12x
A1,NACHA* (Ablation: No Neural),100.0,0.08012226009741426,0.007779933666269094,86.23481508048344,1608,0.0,9.35x
A1,Neural A*,100.0,0.8454641800373792,0.0335567454226729,86.23481508048344,1608,0.0,0.89x
A1,BIT*,0.0,,,,0,,N/A
A1,RRT*,80.0,0.943693750014063,0.20617742547699486,90.7439881327345,270,5.23,0.79x
A1,JPS,0.0,,,,0,,N/A
A1,D* Lite,100.0,3.7049072599504145,0.29534794759231353,86.23481508048344,1618,0.0,0.20x
A2,A* Baseline,100.0,0.15791890006512405,0.003592269654342446,85.55265232567922,309,0.0,1.00x
A2,NACHA* (Proposed),100.0,0.006560620060190559,3.953426074615391e-05,85.64902864285654,51,0.11,24.07x
A2,NACHA* (Ablation: No Neural),100.0,0.016056259954348208,0.0002738280517348434,85.55265232567922,309,0.0,9.84x
A2,Neural A*,100.0,0.18004906009882687,0.0012126878868321256,85.55265232567922,309,0.0,0.88x
A2,BIT*,0.0,,,,0,,N/A
A2,RRT*,100.0,1.1159044799394906,0.14799278535176244,91.200061531606,306,6.6,0.14x
A2,JPS,0.0,,,,0,,N/A
A2,D* Lite,100.0,0.5314952600281686,0.0024247325069817302,85.55265232567923,333,0.0,0.30x
A3,A* Baseline,100.0,0.8182096800301224,0.06174639499567542,86.23481508048344,1664,0.0,1.00x
A3,NACHA* (Proposed),100.0,0.006650759931653738,0.00013278745372775192,86.23481508048344,52,0.0,123.02x
A3,NACHA* (Ablation: No Neural),100.0,0.07950197998434305,0.004339058189603214,86.23481508048344,1664,0.0,10.29x
A3,Neural A*,100.0,0.960835379967466,0.07132591987600186,86.23481508048344,1664,0.0,0.85x
A3,BIT*,0.0,,,,0,,N/A
A3,RRT*,100.0,1.0273796400055288,0.17747309702642816,93.2338263483529,291,8.12,0.80x
A3,JPS,0.0,,,,0,,N/A
A3,D* Lite,100.0,2.983146920008585,0.23462860521053538,86.23481508048344,1359,0.0,0.27x
A4,A* Baseline,100.0,0.7771339999511838,0.01232724937941557,86.23481508048344,1705,0.0,1.00x
A4,NACHA* (Proposed),100.0,0.0067506999708712104,0.0001050006582523876,86.23481508048344,53,0.0,115.12x
A4,NACHA* (Ablation: No Neural),100.0,0.07820685994811356,0.0004343815001016252,86.23481508048344,1705,0.0,9.94x
A4,Neural A*,100.0,0.8523185000289232,0.006365689068597421,86.23481508048344,1705,0.0,0.91x
A4,BIT*,0.0,,,,0,,N/A
A4,RRT*,100.0,1.1310118599794805,0.4861105585098093,90.92121495203764,301,5.43,0.69x
A4,JPS,0.0,,,,0,,N/A
A4,D* Lite,100.0,3.3461203400511295,0.149030134350206,86.23481508048344,1554,0.0,0.23x
A5,A* Baseline,100.0,0.84367800001055,0.055286711187743406,86.23481508048344,1682,0.0,1.00x
A5,NACHA* (Proposed),100.0,0.007184200035408139,0.00017678692908378347,86.23481508048344,55,0.0,117.44x
A5,NACHA* (Ablation: No Neural),100.0,0.07673517996445298,0.0006783807065509799,86.23481508048344,1682,0.0,10.99x
A5,Neural A*,100.0,0.832216400001198,0.004983250566063241,86.23481508048344,1682,0.0,1.01x
A5,BIT*,0.0,,,,0,,N/A
A5,RRT*,80.0,1.4208993249339983,0.4026636023107552,92.35425639253148,342,7.1,0.59x
A5,JPS,0.0,,,,0,,N/A
A5,D* Lite,100.0,3.4067663799971344,0.1858638452807406,86.23481508048344,1511,0.0,0.25x
A6,A* Baseline,100.0,1.467040040064603,0.01238738696771424,86.91697783528765,3937,0.0,1.00x
A6,NACHA* (Proposed),100.0,0.0066441199742257595,0.00010424501560123289,87.7918932244465,56,1.01,220.80x
A6,NACHA* (Ablation: No Neural),100.0,0.16796212000772356,0.002739798577176492,86.91697783528765,3942,0.0,8.73x
A6,Neural A*,100.0,1.6009243600070477,0.014304524269276468,86.91697783528765,3937,0.0,0.92x
A6,BIT*,0.0,,,,0,,N/A
A6,RRT*,0.0,,,,0,,N/A
A6,JPS,0.0,,,,0,,N/A
A6,D* Lite,100.0,5.849503679946065,0.6446088735388417,86.91697783528765,2876,0.0,0.25x
A7,A* Baseline,100.0,1.5251216999720782,0.017368268049920636,87.59914059009188,4667,0.0,1.00x
A7,NACHA* (Proposed),100.0,0.006130480021238327,5.2421899334771284e-05,87.98464585880112,54,0.44,248.78x
A7,NACHA* (Ablation: No Neural),100.0,0.18598368000239135,0.004229460075211926,87.59914059009188,4680,0.0,8.20x
A7,Neural A*,100.0,1.6512419000733645,0.010532602249332876,87.59914059009188,4667,0.0,0.92x
A7,BIT*,0.0,,,,0,,N/A
A7,RRT*,0.0,,,,0,,N/A
A7,JPS,0.0,,,,0,,N/A
A7,D* Lite,100.0,5.661264480045065,0.7277237221397538,87.59914059009189,3635,0.0,0.27x
A8,A* Baseline,100.0,0.6819198600016534,0.00515845699260794,86.23481508048344,1679,0.0,1.00x
A8,NACHA* (Proposed),100.0,0.006447119964286685,8.22998755337678e-05,86.42756771483806,52,0.22,105.77x
A8,NACHA* (Ablation: No Neural),100.0,0.10090766004286707,0.017078405826955387,86.23481508048344,1679,0.0,6.76x
A8,Neural A*,100.0,0.8917137600481511,0.05576602726501994,86.23481508048344,1679,0.0,0.76x
A8,BIT*,0.0,,,,0,,N/A
A8,RRT*,40.0,1.9281284000026062,0.02648819994647056,95.49424804072957,481,10.74,0.35x
A8,JPS,0.0,,,,0,,N/A
A8,D* Lite,100.0,2.44097442002967,0.054833799726137465,86.23481508048344,1379,0.0,0.28x
A9,A* Baseline,100.0,2.2547704799566417,0.0812915706702034,87.69551690726918,6518,0.0,1.00x
A9,NACHA* (Proposed),100.0,0.00619766004383564,7.458768229513872e-05,87.98464585880113,54,0.33,363.81x
A9,NACHA* (Ablation: No Neural),100.0,0.3059172400739044,0.018169014614190626,87.69551690726918,6513,0.0,7.37x
A9,Neural A*,100.0,2.495982459979132,0.125203883694939,87.69551690726918,6518,0.0,0.90x
A9,BIT*,0.0,,,,0,,N/A
A9,RRT*,0.0,,,,0,,N/A
A9,JPS,0.0,,,,0,,N/A
A9,D* Lite,100.0,7.543124959990382,0.36889407325088514,87.6955169072692,4612,0.0,0.30x
A10,A* Baseline,100.0,1.2360763799399137,0.07469952698596792,87.01335415246497,3093,0.0,1.00x
A10,NACHA* (Proposed),100.0,0.006474919989705086,6.785208482242072e-05,87.8882695416238,56,1.01,190.90x
A10,NACHA* (Ablation: No Neural),100.0,0.15530705996789038,0.02709865857406406,87.01335415246497,3091,0.0,7.96x
A10,Neural A*,100.0,1.231818819977343,0.02931964110499095,87.01335415246497,3093,0.0,1.00x
A10,BIT*,0.0,,,,0,,N/A
A10,RRT*,0.0,,,,0,,N/A
A10,JPS,0.0,,,,0,,N/A
A10,D* Lite,100.0,4.4444652600213885,0.2860481151347173,87.01335415246497,2606,0.0,0.28x
AR001,A* Baseline,100.0,3.5764782399870456,0.141070992183409,88.86708978252301,11525,0.0,1.00x
AR001,NACHA* (Proposed),100.0,0.00699864006601274,8.927243965452113e-05,90.9060495123726,64,2.29,511.02x
AR001,NACHA* (Ablation: No Neural),100.0,0.45182474004104733,0.003986247215226623,88.86708978252301,11517,0.0,7.92x
AR001,Neural A*,100.0,4.004546619951725,0.18621405944124356,88.86708978252301,11525,0.0,0.89x
AR001,BIT*,0.0,,,,0,,N/A
AR001,RRT*,0.0,,,,0,,N/A
AR001,JPS,0.0,,,,0,,N/A
AR001,D* Lite,100.0,8.49132779999636,0.31368224947762324,88.86708978252301,6102,0.0,0.42x
AR002,A* Baseline,100.0,3.0730951599311083,0.6748847414353821,88.66680861360534,7462,0.0,1.00x
AR002,NACHA* (Proposed),100.0,0.007944379979744554,0.0009748292645213573,90.3202630747457,64,1.86,386.83x
AR002,NACHA* (Ablation: No Neural),100.0,0.317391199991107,0.006399648612367182,88.66680861360534,7461,0.0,9.68x
AR002,Neural A*,100.0,2.862395799951628,0.3205190010197977,88.66680861360534,7462,0.0,1.07x
AR002,BIT*,0.0,,,,0,,N/A
AR002,RRT*,0.0,,,,0,,N/A
AR002,JPS,0.0,,,,0,,N/A
AR002,D* Lite,100.0,6.816119119990617,0.2660453731046348,88.66680861360534,5527,0.0,0.45x
AR003,A* Baseline,100.0,2.003658139985055,0.07305274123707177,87.59914059009188,5850,0.0,1.00x
AR003,NACHA* (Proposed),100.0,0.0070127799641340974,0.0001692308817096269,88.66680861360533,60,1.22,285.72x
AR003,NACHA* (Ablation: No Neural),100.0,0.26255821995437145,0.03619108428288511,87.59914059009188,5850,0.0,7.63x
AR003,Neural A*,100.0,2.2472425600979475,0.19079847178834144,87.59914059009188,5850,0.0,0.89x
AR003,BIT*,0.0,,,,0,,N/A
AR003,RRT*,0.0,,,,0,,N/A
AR003,JPS,0.0,,,,0,,N/A
AR003,D* Lite,100.0,4.5230646600015465,0.008036320007787036,87.59914059009188,3144,0.0,0.44x
AR004,A* Baseline,100.0,1.2622396199963988,0.0993109405556117,87.59914059009188,3769,0.0,1.00x
AR004,NACHA* (Proposed),100.0,0.0063207400497049095,4.776905687093173e-05,88.57043229642802,59,1.11,199.70x
AR004,NACHA* (Ablation: No Neural),100.0,0.14719160003587603,0.003005130566233225,87.59914059009188,3770,0.0,8.58x
AR004,Neural A*,100.0,1.3285951800178737,0.051455801440153326,87.59914059009188,3769,0.0,0.95x
AR004,BIT*,0.0,,,,0,,N/A
AR004,RRT*,0.0,,,,0,,N/A
AR004,JPS,0.0,,,,0,,N/A
AR004,D* Lite,100.0,2.582834200002253,0.01587565492832838,87.59914059009188,2211,0.0,0.49x
BA1,A* Baseline,100.0,2.0863193600904197,0.019417466528383245,86.91697783528764,4945,0.0,1.00x
BA1,NACHA* (Proposed),100.0,0.006719720037654042,0.00010591719718491156,87.10973046964226,53,0.22,310.48x
BA1,NACHA* (Ablation: No Neural),100.0,0.22124620000831782,0.0027474464400764095,86.91697783528764,4945,0.0,9.43x
BA1,Neural A*,100.0,2.2983105800114574,0.03795556406035452,86.91697783528764,4945,0.0,0.91x
BA1,BIT*,0.0,,,,0,,N/A
BA1,RRT*,40.0,1.5017797000473365,0.09539069992024451,93.12422122346233,350,7.14,1.39x
BA1,JPS,0.0,,,,0,,N/A
BA1,D* Lite,100.0,5.3738342800643295,0.49232011541343074,86.91697783528765,2383,0.0,0.39x
BA2,A* Baseline,100.0,0.7094173399731517,0.0036098685289444547,86.23481508048343,1593,0.0,1.00x
BA2,NACHA* (Proposed),100.0,0.0063508399296551945,0.00010483326494690593,86.33119139766075,52,0.11,111.70x
BA2,NACHA* (Ablation: No Neural),100.0,0.0723758399952203,0.0011081304446175228,86.23481508048343,1593,0.0,9.80x
BA2,Neural A*,100.0,0.7739393000025302,0.0030343840781615846,86.23481508048343,1593,0.0,0.92x
BA2,BIT*,0.0,,,,0,,N/A
BA2,RRT*,20.0,1.3213398000225425,0.0,94.83504321371863,347,9.97,0.54x
BA2,JPS,0.0,,,,0,,N/A
BA2,D* Lite,100.0,1.8379495999310165,0.011590360107127502,86.23481508048344,946,0.0,0.39x
BA3,A* Baseline,100.0,1.0241525199729948,0.06199909625023668,86.33119139766075,2065,1.72,1.00x
BA3,NACHA* (Proposed),100.0,0.00762339998036623,0.00012121178910997038,87.01335415246496,59,2.52,134.34x
BA3,NACHA* (Ablation: No Neural),100.0,0.09304459998384118,0.0008078161552593374,86.33119139766075,2065,1.72,11.01x
BA3,Neural A*,100.0,1.063109020004049,0.06644887148612003,86.33119139766075,2065,1.72,0.96x
BA3,BIT*,0.0,,,,0,,N/A
BA3,RRT*,20.0,1.823401999892667,0.0,90.66719489800589,389,6.83,0.56x
BA3,JPS,100.0,0.004300660034641623,5.604791152392615e-05,84.870489570875,3,0.0,238.14x
BA3,D* Lite,100.0,2.326622539944947,0.08339293028757042,86.33119139766076,1134,1.72,0.44x
BA4,A* Baseline,100.0,2.1361845999956133,0.009757008055034743,87.69551690726918,6404,0.0,1.00x
BA4,NACHA* (Proposed),100.0,0.006662359973415732,0.0004169756499259842,88.66680861360533,57,1.11,320.63x
BA4,NACHA* (Ablation: No Neural),100.0,0.26056586001068355,0.004221137963448484,87.69551690726918,6407,0.0,8.20x
BA4,Neural A*,100.0,2.3114181600511072,0.015150141024041714,87.69551690726918,6404,0.0,0.92x
BA4,BIT*,0.0,,,,0,,N/A
BA4,RRT*,0.0,,,,0,,N/A
BA4,JPS,0.0,,,,0,,N/A
BA4,D* Lite,100.0,6.377255259919911,0.3499929539184549,87.69551690726918,4012,0.0,0.33x
BA5,A* Baseline,100.0,1.698591100005433,0.008300913562177369,87.6955169072692,5302,0.0,1.00x
BA5,NACHA* (Proposed),100.0,0.0068661999888718125,0.00016834059711038482,88.76318493078264,61,1.22,247.38x
BA5,NACHA* (Ablation: No Neural),100.0,0.20789294010028242,0.0011960839267400945,87.6955169072692,5300,0.0,8.17x
BA5,Neural A*,100.0,1.8885286800097674,0.021377068929557576,87.6955169072692,5302,0.0,0.90x
BA5,BIT*,0.0,,,,0,,N/A
BA5,RRT*,0.0,,,,0,,N/A
BA5,JPS,0.0,,,,0,,N/A
BA5,D* Lite,100.0,5.918134800018743,0.35656067508493694,87.6955169072692,3942,0.0,0.29x
BC1,A* Baseline,100.0,0.16783284000121057,0.0019476552596993386,85.55265232567922,333,0.0,1.00x
BC1,NACHA* (Proposed),100.0,0.006795979989692569,0.00018836514542716374,85.64902864285654,51,0.11,24.70x
BC1,NACHA* (Ablation: No Neural),100.0,0.016335320053622128,0.00028843880019296914,85.55265232567922,333,0.0,10.27x
BC1,Neural A*,100.0,0.18719924008473754,0.0012406804242981462,85.55265232567922,333,0.0,0.90x
BC1,BIT*,0.0,,,,0,,N/A
BC1,RRT*,100.0,1.5528289800509811,0.11398637008443316,95.02554153717249,381,11.07,0.11x
BC1,JPS,0.0,,,,0,,N/A
BC1,D* Lite,100.0,0.5527226600330323,0.0057533665932664076,85.55265232567923,341,0.0,0.30x
BC2,A* Baseline,100.0,1.693936340045184,0.01218042616240874,86.91697783528765,3958,0.0,1.00x
BC2,NACHA* (Proposed),100.0,0.007292320020496845,0.00015374302651024812,86.91697783528765,59,0.0,232.29x
BC2,NACHA* (Ablation: No Neural),100.0,0.17728671999648213,0.00493675238715345,86.91697783528765,3958,0.0,9.55x
BC2,Neural A*,100.0,1.8645119600463658,0.050837344175340624,86.91697783528765,3958,0.0,0.91x
BC2,BIT*,0.0,,,,0,,N/A
BC2,RRT*,100.0,1.2168885199353099,0.3540341042858381,94.91931754253685,319,9.21,1.39x
BC2,JPS,0.0,,,,0,,N/A
BC2,D* Lite,100.0,6.3455708400812,0.30866584672363806,86.91697783528768,2639,0.0,0.27x
BC3,A* Baseline,100.0,2.6878630800172685,0.04634658877731675,87.59914059009188,7473,0.0,1.00x
BC3,NACHA* (Proposed),100.0,0.0068130000494420525,0.0002802702720835717,88.66680861360533,57,1.22,394.52x
BC3,NACHA* (Ablation: No Neural),100.0,0.35568689997307956,0.04815925859845742,87.59914059009188,7471,0.0,7.56x
BC3,Neural A*,100.0,3.037239319970831,0.20900756644914315,87.59914059009188,7473,0.0,0.88x
BC3,BIT*,0.0,,,,0,,N/A
BC3,RRT*,0.0,,,,0,,N/A
BC3,JPS,0.0,,,,0,,N/A
BC3,D* Lite,100.0,8.091926339967177,0.3709326477224716,87.59914059009188,4594,0.0,0.33x
BC4,A* Baseline,100.0,1.2173488200176508,0.02017153614549052,86.82060151811035,3217,0.0,1.00x
BC4,NACHA* (Proposed),100.0,0.006492039980366826,0.00013956363119361156,87.98464585880112,54,1.34,187.51x
BC4,NACHA* (Ablation: No Neural),100.0,0.13974405997432768,0.0018241780479137293,86.82060151811035,3217,0.0,8.71x
BC4,Neural A*,100.0,1.4910309799946844,0.07648860885639819,86.82060151811035,3217,0.0,0.82x
BC4,BIT*,0.0,,,,0,,N/A
BC4,RRT*,20.0,1.602173199877143,0.0,90.71849772891318,424,4.49,0.76x
BC4,JPS,0.0,,,,0,,N/A
BC4,D* Lite,100.0,4.983308819960802,0.287239620005745,86.82060151811037,2719,0.0,0.24x
BC5,A* Baseline,100.0,2.323198899999261,0.04281275642851354,87.69551690726918,6787,0.0,1.00x
BC5,NACHA* (Proposed),100.0,0.007238199980929494,0.0001490628316143472,88.76318493078264,57,1.22,320.96x
BC5,NACHA* (Ablation: No Neural),100.0,0.3556801199913025,0.019996802654753485,87.69551690726918,6791,0.0,6.53x
BC5,Neural A*,100.0,2.589373360062018,0.18812724418573093,87.69551690726918,6787,0.0,0.90x
BC5,BIT*,0.0,,,,0,,N/A
BC5,RRT*,0.0,,,,0,,N/A
BC5,JPS,0.0,,,,0,,N/A
BC5,D* Lite,100.0,6.504790179990232,0.5211448436140644,87.6955169072692,4021,0.0,0.36x
BR1,A* Baseline,100.0,1.1927566800732166,0.049264356545101716,87.01335415246497,3215,0.0,1.00x
BR1,NACHA* (Proposed),100.0,0.006366060022264719,0.00011888936806792571,87.2061067868196,54,0.22,187.36x
BR1,NACHA* (Ablation: No Neural),100.0,0.13426518007181584,0.0029762956592160137,87.01335415246497,3216,0.0,8.88x
BR1,Neural A*,100.0,1.2703127200249582,0.008600087548229794,87.01335415246497,3215,0.0,0.94x
BR1,BIT*,0.0,,,,0,,N/A
BR1,RRT*,0.0,,,,0,,N/A
BR1,JPS,0.0,,,,0,,N/A
BR1,D* Lite,100.0,4.910989640001207,0.3606772085186693,87.01335415246497,2818,0.0,0.24x
BR2,A* Baseline,100.0,1.1431325999088586,0.01036428554845382,87.01335415246497,3246,0.0,1.00x
BR2,NACHA* (Proposed),100.0,0.006250480003654957,9.172419672169912e-05,87.20610678681959,53,0.22,182.89x
BR2,NACHA* (Ablation: No Neural),100.0,0.13583432002924384,0.002634744863357784,87.01335415246497,3245,0.0,8.42x
BR2,Neural A*,100.0,1.261536099994555,0.0039048138985191857,87.01335415246497,3246,0.0,0.91x
BR2,BIT*,0.0,,,,0,,N/A
BR2,RRT*,0.0,,,,0,,N/A
BR2,JPS,0.0,,,,0,,N/A
BR2,D* Lite,100.0,4.08417532001622,0.2052023564198016,87.01335415246497,2479,0.0,0.28x
BR3,A* Baseline,100.0,0.6617642600554973,0.04929656720977821,86.33119139766076,1601,0.0,1.00x
BR3,NACHA* (Proposed),100.0,0.006385500030592084,4.334275059463021e-05,87.20610678681959,53,1.01,103.64x
BR3,NACHA* (Ablation: No Neural),100.0,0.0832960399799049,0.01726322419599558,86.33119139766076,1603,0.0,7.94x
BR3,Neural A*,100.0,0.8564866799395532,0.10037173912334495,86.33119139766076,1601,0.0,0.77x
BR3,BIT*,0.0,,,,0,,N/A
BR3,RRT*,20.0,1.384624799946323,0.0,90.3652321172131,397,4.67,0.48x
BR3,JPS,0.0,,,,0,,N/A
BR3,D* Lite,100.0,2.2493637999519707,0.011570863425543323,86.33119139766076,1408,0.0,0.29x
BR4,A* Baseline,100.0,1.7922113199718297,0.013652549331439825,87.59914059009188,5334,0.0,1.00x
BR4,NACHA* (Proposed),100.0,0.006634459923952818,5.4199541441326494e-05,88.66680861360534,58,1.22,270.14x
BR4,NACHA* (Ablation: No Neural),100.0,0.2178337000310421,0.0019542155196767496,87.59914059009188,5323,0.0,8.23x
BR4,Neural A*,100.0,1.9518052199855447,0.013441990449875475,87.59914059009188,5334,0.0,0.92x
BR4,BIT*,0.0,,,,0,,N/A
BR4,RRT*,0.0,,,,0,,N/A
BR4,JPS,0.0,,,,0,,N/A
BR4,D* Lite,100.0,5.909907779982314,0.3664090326066989,87.59914059009188,3724,0.0,0.30x
BR5,A* Baseline,100.0,1.2687967400066555,0.00851931809440255,87.01335415246497,3505,0.0,1.00x
BR5,NACHA* (Proposed),100.0,0.0062986000441014765,7.810771724295907e-05,87.79189322444648,54,0.89,201.44x
BR5,NACHA* (Ablation: No Neural),100.0,0.1467390399891883,0.0018340043693365964,87.01335415246497,3508,0.0,8.65x
BR5,Neural A*,100.0,1.3926409999839962,0.012103504529117964,87.01335415246497,3505,0.0,0.91x
BR5,BIT*,0.0,,,,0,,N/A
BR5,RRT*,0.0,,,,0,,N/A
BR5,JPS,0.0,,,,0,,N/A
BR5,D* Lite,100.0,3.8678340600803494,0.21248902731865973,87.01335415246497,2335,0.0,0.33x
DA1,A* Baseline,100.0,0.294112760014832,0.03678933797495617,85.55265232567922,464,0.0,1.00x
DA1,NACHA* (Proposed),100.0,0.009177480032667518,0.0010278654276532574,85.55265232567922,51,0.0,32.05x
DA1,NACHA* (Ablation: No Neural),100.0,0.02534042000770569,0.004466783062736972,85.55265232567922,464,0.0,11.61x
DA1,Neural A*,100.0,0.28286689999513326,0.014105498574075497,85.55265232567922,464,0.0,1.04x
DA1,BIT*,0.0,,,,0,,N/A
DA1,RRT*,100.0,0.8209990199655295,0.1589973150807748,91.08224233505112,263,6.46,0.36x
DA1,JPS,0.0,,,,0,,N/A
DA1,D* Lite,100.0,0.5911546999122947,0.006599286055760131,85.55265232567923,363,0.0,0.50x
DA2,A* Baseline,100.0,0.15721531989984214,0.002227591785011108,85.55265232567922,312,0.0,1.00x
DA2,NACHA* (Proposed),100.0,0.006761379959061742,0.00010120658097439201,85.64902864285654,53,0.11,23.25x
DA2,NACHA* (Ablation: No Neural),100.0,0.01743265991099179,0.0037808933465523728,85.55265232567922,312,0.0,9.02x
DA2,Neural A*,100.0,0.17789805997163058,0.0015544955490297985,85.55265232567922,312,0.0,0.88x
DA2,BIT*,0.0,,,,0,,N/A
DA2,RRT*,100.0,0.9035362200345844,0.12716753691394755,92.19266153665134,278,7.76,0.17x
DA2,JPS,0.0,,,,0,,N/A
DA2,D* Lite,100.0,0.5487953000701964,0.0018730985024856762,85.55265232567923,342,0.0,0.29x
DA3,A* Baseline,100.0,0.16373411994427442,0.0018055543639835705,85.55265232567922,325,0.0,1.00x
DA3,NACHA* (Proposed),100.0,0.0066808399744331835,0.0002861467906069946,85.64902864285654,51,0.11,24.51x
DA3,NACHA* (Ablation: No Neural),100.0,0.017840859899297356,0.004033919230089546,85.55265232567922,325,0.0,9.18x
DA3,Neural A*,100.0,0.18751156004145741,0.002886428687821947,85.55265232567922,325,0.0,0.87x
DA3,BIT*,0.0,,,,0,,N/A
DA3,RRT*,80.0,1.1199673499213532,0.18198690974301587,91.49781345081345,315,6.95,0.15x
DA3,JPS,0.0,,,,0,,N/A
DA3,D* Lite,100.0,0.5746406599413604,0.049862070467981794,85.55265232567923,337,0.0,0.28x
DA4,A* Baseline,100.0,1.75497022010386,0.10091193705399688,87.01335415246496,4180,0.0,1.00x
DA4,NACHA* (Proposed),100.0,0.0066381800454109905,6.164359606980977e-05,87.20610678681957,55,0.22,264.38x
DA4,NACHA* (Ablation: No Neural),100.0,0.1784189400728792,0.0015022810186738117,87.01335415246496,4175,0.0,9.84x
DA4,Neural A*,100.0,1.98329465999268,0.1750317519448437,87.01335415246496,4180,0.0,0.88x
DA4,BIT*,0.0,,,,0,,N/A
DA4,RRT*,0.0,,,,0,,N/A
DA4,JPS,0.0,,,,0,,N/A
DA4,D* Lite,100.0,4.794029100006446,0.05106233117840027,87.01335415246497,2701,0.0,0.37x
DA5,A* Baseline,100.0,0.12981949998065828,0.0009427563719367136,85.55265232567922,285,0.0,1.00x
DA5,NACHA* (Proposed),100.0,0.0070771599188446995,0.0007331833360124694,86.42756771483805,53,1.02,18.34x
DA5,NACHA* (Ablation: No Neural),100.0,0.014946879958733917,0.0006258703622498232,85.55265232567922,285,0.0,8.69x
DA5,Neural A*,100.0,0.14938067994080484,0.0008943565554889589,85.55265232567922,285,0.0,0.87x
DA5,BIT*,0.0,,,,0,,N/A
DA5,RRT*,0.0,,,,0,,N/A
DA5,JPS,0.0,,,,0,,N/A
DA5,D* Lite,100.0,0.27808889993466435,0.05538394349595605,85.55265232567922,187,0.0,0.47x
den011d,A* Baseline,100.0,3.2581240599509327,0.3123121094252089,88.28130334489609,9021,0.0,1.00x
den011d,NACHA* (Proposed),100.0,0.007027099933475256,0.00010540002616402447,88.66680861360534,61,0.44,463.65x
den011d,NACHA* (Ablation: No Neural),100.0,0.3759734800085425,0.004144512042688104,88.28130334489609,9032,0.0,8.67x
den011d,Neural A*,100.0,3.2327021799981592,0.07124607088035988,88.28130334489609,9021,0.0,1.01x
den011d,BIT*,0.0,,,,0,,N/A
den011d,RRT*,0.0,,,,0,,N/A
den011d,JPS,0.0,,,,0,,N/A
den011d,D* Lite,100.0,9.365698920050637,0.4360032555096111,88.2813033448961,5758,0.0,0.35x
den012d,A* Baseline,100.0,2.6498779000714423,0.0020975152937068413,88.3776796620734,8574,0.0,1.00x
den012d,NACHA* (Proposed),100.0,0.006626399978995323,8.623401473770237e-05,89.34897136840954,60,1.1,399.90x
den012d,NACHA* (Ablation: No Neural),100.0,0.3394259000197053,0.003221796087271372,88.3776796620734,8587,0.0,7.81x
den012d,Neural A*,100.0,2.91040421994403,0.006146435250077108,88.3776796620734,8574,0.0,0.91x
den012d,BIT*,0.0,,,,0,,N/A
den012d,RRT*,0.0,,,,0,,N/A
den012d,JPS,0.0,,,,0,,N/A
den012d,D* Lite,100.0,7.26526065999642,0.4059855034667449,88.37767966207342,5148,0.0,0.36x
den013d,A* Baseline,100.0,2.171562240086496,0.008347933917036796,88.57043229642802,7461,0.0,1.00x
den013d,NACHA* (Proposed),100.0,0.007107740035280585,0.00017434530744642602,91.0024258295499,65,2.75,305.52x
den013d,NACHA* (Ablation: No Neural),100.0,0.2839100799988955,0.0016591203375742724,88.57043229642802,7463,0.0,7.65x
den013d,Neural A*,100.0,2.355081979976967,0.003998520300763026,88.57043229642802,7461,0.0,0.92x
den013d,BIT*,0.0,,,,0,,N/A
den013d,RRT*,0.0,,,,0,,N/A
den013d,JPS,0.0,,,,0,,N/A
den013d,D* Lite,100.0,5.739232339989394,0.551615608411792,88.57043229642802,4659,0.0,0.38x
den014d,A* Baseline,100.0,2.4539839599281548,0.01458232068572835,87.50276427291456,7015,0.0,1.00x
den014d,NACHA* (Proposed),100.0,0.006771800015121699,7.999456106971782e-05,88.66680861360533,57,1.33,362.38x
den014d,NACHA* (Ablation: No Neural),100.0,0.2909275601152331,0.002680395320860607,87.50276427291456,7013,0.0,8.44x
den014d,Neural A*,100.0,2.7304422599729152,0.09436968947033782,87.50276427291456,7015,0.0,0.90x
den014d,BIT*,0.0,,,,0,,N/A
den014d,RRT*,0.0,,,,0,,N/A
den014d,JPS,0.0,,,,0,,N/A
den014d,D* Lite,100.0,6.259341660002247,0.19986509880848136,87.50276427291456,3737,0.0,0.39x
maze512,A* Baseline,100.0,0.6418258600402623,0.011743175093763943,86.33119139766075,1640,0.0,1.00x
maze512,NACHA* (Proposed),100.0,0.006796360062435269,0.0004112249286114546,88.76318493078263,55,2.82,94.44x
maze512,NACHA* (Ablation: No Neural),100.0,0.07288112002424896,0.0014013242535930825,86.33119139766075,1640,0.0,8.81x
maze512,Neural A*,100.0,0.7064970000181348,0.0016342910640665333,86.33119139766075,1640,0.0,0.91x
maze512,BIT*,0.0,,,,0,,N/A
maze512,RRT*,0.0,,,,0,,N/A
maze512,JPS,0.0,,,,0,,N/A
maze512,D* Lite,100.0,1.8949964799452572,0.1779905638759518,86.33119139766075,1065,0.0,0.34x
maze512-1,A* Baseline,100.0,1.4416415399406106,0.0981524112156518,86.91697783528765,3322,0.0,1.00x
maze512-1,NACHA* (Proposed),100.0,0.006817420059815049,0.00010105350644625999,88.66680861360533,57,2.01,211.46x
maze512-1,NACHA* (Ablation: No Neural),100.0,0.16607447997666896,0.041921448600392285,86.91697783528765,3321,0.0,8.68x
maze512-1,Neural A*,100.0,1.3824810199439526,0.051593268312347604,86.91697783528765,3322,0.0,1.04x
maze512-1,BIT*,0.0,,,,0,,N/A
maze512-1,RRT*,0.0,,,,0,,N/A
maze512-1,JPS,0.0,,,,0,,N/A
maze512-1,D* Lite,100.0,3.369256119988859,0.0484406149348108,86.91697783528765,2099,0.0,0.43x
maze512-2,A* Baseline,100.0,1.5730537600349634,0.009998703648697479,87.01335415246497,4123,0.0,1.00x
maze512-2,NACHA* (Proposed),100.0,0.006673380034044385,2.648130922595751e-05,87.98464585880113,56,1.12,235.72x
maze512-2,NACHA* (Ablation: No Neural),100.0,0.18223001998849214,0.005896022415242968,87.01335415246497,4126,0.0,8.63x
maze512-2,Neural A*,100.0,1.7873096199706198,0.08264640584469327,87.01335415246497,4123,0.0,0.88x
maze512-2,BIT*,0.0,,,,0,,N/A
maze512-2,RRT*,0.0,,,,0,,N/A
maze512-2,JPS,0.0,,,,0,,N/A
maze512-2,D* Lite,100.0,5.029497699998319,0.07741668276176462,87.01335415246497,2850,0.0,0.31x
maze512-3,A* Baseline,100.0,0.993710820004344,0.008414017531179825,86.91697783528767,2751,0.0,1.00x
maze512-3,NACHA* (Proposed),100.0,0.006710039963945746,0.00012668340175962136,87.2061067868196,56,0.33,148.09x
maze512-3,NACHA* (Ablation: No Neural),100.0,0.11437949999235571,0.0006733253791651374,86.91697783528767,2751,0.0,8.69x
maze512-3,Neural A*,100.0,1.0937727199867369,0.002438966187475951,86.91697783528767,2751,0.0,0.91x
maze512-3,BIT*,0.0,,,,0,,N/A
maze512-3,RRT*,0.0,,,,0,,N/A
maze512-3,JPS,0.0,,,,0,,N/A
maze512-3,D* Lite,100.0,4.329676639987156,0.2339508974425437,86.91697783528767,2482,0.0,0.23x
random_3d,A* Baseline,100.0,0.728049820009619,0.004839070102405571,86.23481508048344,1758,0.0,1.00x
random_3d,NACHA* (Proposed),100.0,0.006748419953510165,0.0001459311651322564,86.33119139766075,52,0.11,107.88x
random_3d,NACHA* (Ablation: No Neural),100.0,0.08039804007858038,0.0017060674189861777,86.23481508048344,1758,0.0,9.06x
random_3d,Neural A*,100.0,0.8108112199231983,0.012804201908552465,86.23481508048344,1758,0.0,0.90x
random_3d,BIT*,0.0,,,,0,,N/A
random_3d,RRT*,0.0,,,,0,,N/A
random_3d,JPS,0.0,,,,0,,N/A
random_3d,D* Lite,100.0,2.2625206600409,0.008541015521488515,86.23481508048344,1289,0.0,0.32x
random_3d_dense,A* Baseline,100.0,2.0694349000696093,0.020226880234898013,87.59914059009188,6189,0.0,1.00x
random_3d_dense,NACHA* (Proposed),100.0,0.007139339996501804,0.000171502263288994,88.57043229642801,61,1.11,289.86x
random_3d_dense,NACHA* (Ablation: No Neural),100.0,0.2522950999904424,0.003043063919963681,87.59914059009188,6188,0.0,8.20x
random_3d_dense,Neural A*,100.0,2.4785841400269417,0.20060470768617628,87.59914059009188,6189,0.0,0.83x
random_3d_dense,BIT*,0.0,,,,0,,N/A
random_3d_dense,RRT*,0.0,,,,0,,N/A
random_3d_dense,JPS,0.0,,,,0,,N/A
random_3d_dense,D* Lite,100.0,2.7685259599704297,0.006264710529890886,87.59914059009188,2005,0.0,0.75x
