env,source,obstacles,density,algorithm,success,nodes,time_s,precompute_s,nn_accuracy,length,min_clearance,mean_clearance,subopt_pct,note
empty,synthetic,0.0,0.0,A*,True,50.0,0.0007807000074535608,0.0,,84.87048957087501,50.0,50.0,0.0,
empty,synthetic,0.0,0.0,wA* (w=1.2),True,50.0,0.0008316999883390963,0.0,,84.87048957087501,50.0,50.0,0.0,
empty,synthetic,,,NACHA*-S (w=1.0),,,,,,,,,,no trained model
empty,synthetic,,,NACHA* (w=1.2),,,,,,,,,,no trained model
empty,synthetic,0.0,0.0,Oracle-risk (w=1.2),True,50.0,0.001081500027794391,0.0,,84.87048957087501,50.0,50.0,0.0,
wall_xy,synthetic,2491.0,0.019928,A*,True,50.0,0.0008267000084742904,0.0,0.941496,84.87048957087501,1.4142135623730951,12.05892556509888,0.0,
wall_xy,synthetic,2491.0,0.019928,wA* (w=1.2),True,50.0,0.0008371000294573605,0.0,0.941496,84.87048957087501,1.4142135623730951,12.05892556509888,0.0,
wall_xy,synthetic,2491.0,0.019928,NACHA*-S (w=1.0),True,901.0,0.015805299975909293,0.13227309996727854,0.941496,84.87048957087501,1.4142135623730951,12.05892556509888,0.0,
wall_xy,synthetic,2491.0,0.019928,NACHA* (w=1.2),True,50.0,0.002202900010161102,0.13227309996727854,0.941496,84.87048957087501,1.4142135623730951,12.05892556509888,0.0,
wall_xy,synthetic,2491.0,0.019928,Oracle-risk (w=1.2),True,50.0,0.0015494999825023115,0.0,0.941496,84.87048957087501,1.4142135623730951,12.05892556509888,0.0,
wall_xz,synthetic,2491.0,0.019928,A*,True,50.0,0.0008319999906234443,0.0,0.958064,84.87048957087501,1.4142135623730951,12.05892556509888,0.0,
wall_xz,synthetic,2491.0,0.019928,wA* (w=1.2),True,50.0,0.0009066999773494899,0.0,0.958064,84.87048957087501,1.4142135623730951,12.05892556509888,0.0,
wall_xz,synthetic,2491.0,0.019928,NACHA*-S (w=1.0),True,420.0,0.007779599982313812,0.11707500001648441,0.958064,84.87048957087501,1.4142135623730951,12.05892556509888,0.0,
wall_xz,synthetic,2491.0,0.019928,NACHA* (w=1.2),True,50.0,0.001128199975937605,0.11707500001648441,0.958064,84.87048957087501,1.4142135623730951,12.05892556509888,0.0,
wall_xz,synthetic,2491.0,0.019928,Oracle-risk (w=1.2),True,50.0,0.0011837999918498099,0.0,0.958064,84.87048957087501,1.4142135623730951,12.05892556509888,0.0,
random_sparse,synthetic,50.0,0.0004,A*,True,50.0,0.0008496000082232058,0.0,0.547944,84.87048957087501,5.744562646538029,8.955505764952528,0.0,
random_sparse,synthetic,50.0,0.0004,wA* (w=1.2),True,50.0,0.0008770999847911298,0.0,0.547944,84.87048957087501,5.744562646538029,8.955505764952528,0.0,
random_sparse,synthetic,50.0,0.0004,NACHA*-S (w=1.0),True,3099.0,0.05966879997868091,0.11207469995133579,0.547944,84.87048957087501,5.744562646538029,8.955505764952528,0.0,
random_sparse,synthetic,50.0,0.0004,NACHA* (w=1.2),True,50.0,0.0011628000065684319,0.11207469995133579,0.547944,84.87048957087501,5.744562646538029,8.955505764952528,0.0,
random_sparse,synthetic,50.0,0.0004,Oracle-risk (w=1.2),True,50.0,0.0011703000054694712,0.0,0.547944,84.87048957087501,5.744562646538029,8.955505764952528,0.0,
corridor,synthetic,93748.0,0.749984,A*,False,1.0,2.7799978852272034e-05,0.0,0.947424,,,,,
corridor,synthetic,93748.0,0.749984,wA* (w=1.2),False,1.0,3.439997090026736e-05,0.0,0.947424,,,,,
corridor,synthetic,93748.0,0.749984,NACHA*-S (w=1.0),False,1.0,4.210002953186631e-05,0.1276246999623254,0.947424,,,,,
corridor,synthetic,93748.0,0.749984,NACHA* (w=1.2),False,1.0,2.640002639964223e-05,0.1276246999623254,0.947424,,,,,
corridor,synthetic,93748.0,0.749984,Oracle-risk (w=1.2),False,1.0,3.120000474154949e-05,0.0,0.947424,,,,,
cube+corridor,synthetic,109373.0,0.874984,A*,False,1.0,3.250001464039087e-05,0.0,0.950496,,,,,
cube+corridor,synthetic,109373.0,0.874984,wA* (w=1.2),False,1.0,2.5699962861835957e-05,0.0,0.950496,,,,,
cube+corridor,synthetic,109373.0,0.874984,NACHA*-S (w=1.0),False,1.0,2.5499961338937283e-05,0.158336499996949,0.950496,,,,,
cube+corridor,synthetic,109373.0,0.874984,NACHA* (w=1.2),False,1.0,3.090000245720148e-05,0.158336499996949,0.950496,,,,,
cube+corridor,synthetic,109373.0,0.874984,Oracle-risk (w=1.2),False,1.0,2.829998265951872e-05,0.0,0.950496,,,,,
wall_xy+wall_xz,synthetic,4935.0,0.03948,A*,True,50.0,0.0009892000234685838,0.0,0.769448,84.87048957087501,1.4142135623730951,12.05892556509888,0.0,
wall_xy+wall_xz,synthetic,4935.0,0.03948,wA* (w=1.2),True,50.0,0.0008778000483289361,0.0,0.769448,84.87048957087501,1.4142135623730951,12.05892556509888,0.0,
wall_xy+wall_xz,synthetic,4935.0,0.03948,NACHA*-S (w=1.0),True,3100.0,0.06870409997645766,0.20106470002792776,0.769448,84.87048957087501,1.4142135623730951,12.05892556509888,0.0,
wall_xy+wall_xz,synthetic,4935.0,0.03948,NACHA* (w=1.2),True,50.0,0.002335399971343577,0.20106470002792776,0.769448,84.87048957087501,1.4142135623730951,12.05892556509888,0.0,
wall_xy+wall_xz,synthetic,4935.0,0.03948,Oracle-risk (w=1.2),True,50.0,0.0012958000297658145,0.0,0.769448,84.87048957087501,1.4142135623730951,12.05892556509888,0.0,
corridor+spheres,synthetic,100899.0,0.807192,A*,False,1.0,3.9000005926936865e-05,0.0,0.915,,,,,
corridor+spheres,synthetic,100899.0,0.807192,wA* (w=1.2),False,1.0,2.670002868399024e-05,0.0,0.915,,,,,
corridor+spheres,synthetic,100899.0,0.807192,NACHA*-S (w=1.0),False,1.0,3.250001464039087e-05,0.16319380002096295,0.915,,,,,
corridor+spheres,synthetic,100899.0,0.807192,NACHA* (w=1.2),False,1.0,3.220001235604286e-05,0.16319380002096295,0.915,,,,,
corridor+spheres,synthetic,100899.0,0.807192,Oracle-risk (w=1.2),False,1.0,2.3100001271814108e-05,0.0,0.915,,,,,
random_dense+wall_xy,synthetic,2689.0,0.021512,A*,True,50.0,0.0013984999968670309,0.0,0.858184,84.87048957087501,1.0,3.8674617754261966,0.0,
random_dense+wall_xy,synthetic,2689.0,0.021512,wA* (w=1.2),True,50.0,0.0014776999596506357,0.0,0.858184,84.87048957087501,1.0,3.8674617754261966,0.0,
random_dense+wall_xy,synthetic,2689.0,0.021512,NACHA*-S (w=1.0),True,4299.0,0.08812500000931323,0.19150409998837858,0.858184,84.87048957087501,1.0,3.8674617754261966,0.0,
random_dense+wall_xy,synthetic,2689.0,0.021512,NACHA* (w=1.2),True,50.0,0.0011581999715417624,0.19150409998837858,0.858184,84.87048957087501,1.0,3.8674617754261966,0.0,
random_dense+wall_xy,synthetic,2689.0,0.021512,Oracle-risk (w=1.2),True,50.0,0.002178099995944649,0.0,0.858184,84.87048957087501,1.0,3.8674617754261966,0.0,
random_sparse+random_dense,synthetic,250.0,0.002,A*,True,50.0,0.0015057999989949167,0.0,0.539504,84.87048957087501,1.0,4.341859644710078,0.0,
random_sparse+random_dense,synthetic,250.0,0.002,wA* (w=1.2),True,50.0,0.001722400018479675,0.0,0.539504,84.87048957087501,1.0,4.341859644710078,0.0,
random_sparse+random_dense,synthetic,250.0,0.002,NACHA*-S (w=1.0),True,6811.0,0.2009828999871388,0.1805199999944307,0.539504,84.87048957087501,1.0,4.341859644710078,0.0,
random_sparse+random_dense,synthetic,250.0,0.002,NACHA* (w=1.2),True,50.0,0.001875000016298145,0.1805199999944307,0.539504,84.87048957087501,1.0,4.341859644710078,0.0,
random_sparse+random_dense,synthetic,250.0,0.002,Oracle-risk (w=1.2),True,50.0,0.0019077000324614346,0.0,0.539504,84.87048957087501,1.0,4.341859644710078,0.0,
A2,movingai-file,1422.0,0.011376,A*,True,287.0,0.004202999989502132,0.0,0.889224,85.55265232567922,1.0,5.354828767121574,0.0,
A2,movingai-file,1422.0,0.011376,wA* (w=1.2),True,51.0,0.0008812000160105526,0.0,0.889224,85.64902864285654,1.0,5.339904181209287,0.11265146615260235,
A2,movingai-file,1422.0,0.011376,NACHA*-S (w=1.0),True,7400.0,0.2039694999693893,0.18850520002888516,0.889224,88.2813033448961,2.8284271247461903,8.116950396931005,3.189440590140369,
A2,movingai-file,1422.0,0.011376,NACHA* (w=1.2),True,66.0,0.001487300032749772,0.18850520002888516,0.889224,85.55265232567922,1.0,5.360312344474593,0.0,
A2,movingai-file,1422.0,0.011376,Oracle-risk (w=1.2),True,56.0,0.0012034000246785581,0.0,0.889224,85.64902864285654,1.0,5.368765682482208,0.11265146615260235,
A1,movingai-file,1363.0,0.010904,A*,True,1371.0,0.0185407999670133,0.0,0.866384,86.23481508048344,1.0,5.535586129271147,0.0,
A1,movingai-file,1363.0,0.010904,wA* (w=1.2),True,54.0,0.0009070999803952873,0.0,0.866384,86.91697783528765,1.0,6.414209937693909,0.7910526092826276,
A1,movingai-file,1363.0,0.010904,NACHA*-S (w=1.0),True,12437.0,0.3884577000280842,0.15005379996728152,0.866384,88.96346609970031,2.8284271247461903,8.778372638158547,3.1642104371305324,
A1,movingai-file,1363.0,0.010904,NACHA* (w=1.2),True,93.0,0.0032594999647699296,0.15005379996728152,0.866384,86.91697783528765,1.0,6.414209937693909,0.7910526092826276,
A1,movingai-file,1363.0,0.010904,Oracle-risk (w=1.2),True,81.0,0.002896099991630763,0.0,0.866384,86.91697783528765,1.0,6.5291845123048144,0.7910526092826276,
A3,movingai-file,1546.0,0.012368,A*,True,1396.0,0.019618300022557378,0.0,0.858472,86.23481508048344,1.0,5.857769707547942,0.0,
A3,movingai-file,1546.0,0.012368,wA* (w=1.2),True,52.0,0.0008924000430852175,0.0,0.858472,86.23481508048344,1.0,5.879905655964605,0.0,
A3,movingai-file,1546.0,0.012368,NACHA*-S (w=1.0),True,11150.0,0.2792899999767542,0.12263960001291707,0.858472,89.64562885450452,4.242640687119285,9.084330632240109,3.95526304641316,
A3,movingai-file,1546.0,0.012368,NACHA* (w=1.2),True,74.0,0.002984600025229156,0.12263960001291707,0.858472,86.23481508048344,1.0,5.879905655964605,0.0,
A3,movingai-file,1546.0,0.012368,Oracle-risk (w=1.2),True,65.0,0.002738500013947487,0.0,0.858472,86.23481508048344,1.0,5.924758469706992,0.0,
A4,movingai-file,1458.0,0.011664,A*,True,1432.0,0.01977800001623109,0.0,0.86868,86.23481508048344,1.0,5.891053660860055,0.0,
A4,movingai-file,1458.0,0.011664,wA* (w=1.2),True,53.0,0.0009000999853014946,0.0,0.86868,86.23481508048344,1.0,5.913189609276718,0.0,
A4,movingai-file,1458.0,0.011664,NACHA*-S (w=1.0),True,11680.0,0.3153024999774061,0.13965879997704178,0.86868,88.2813033448961,3.3166247903554,8.136501480073488,2.373157827847905,
A4,movingai-file,1458.0,0.011664,NACHA* (w=1.2),True,79.0,0.0031439000158570707,0.13965879997704178,0.86868,86.23481508048344,1.0,5.913189609276718,0.0,
A4,movingai-file,1458.0,0.011664,Oracle-risk (w=1.2),True,57.0,0.002125500002875924,0.0,0.86868,86.23481508048344,1.0,5.978908729882007,0.0,
A5,movingai-file,1626.0,0.013008,A*,True,1403.0,0.019113300018943846,0.0,0.864408,86.23481508048344,1.0,5.8170162046939575,0.0,
A5,movingai-file,1626.0,0.013008,wA* (w=1.2),True,55.0,0.0009419000125490129,0.0,0.864408,86.23481508048344,1.0,5.8391521531106205,0.0,
A5,movingai-file,1626.0,0.013008,NACHA*-S (w=1.0),True,13478.0,0.3796363999717869,0.14402350003365427,0.864408,89.64562885450452,4.898979485566356,9.132886141806278,3.95526304641316,
A5,movingai-file,1626.0,0.013008,NACHA* (w=1.2),True,86.0,0.0018545999773778021,0.14402350003365427,0.864408,86.23481508048344,1.0,5.937358988269895,0.0,
A5,movingai-file,1626.0,0.013008,Oracle-risk (w=1.2),True,59.0,0.0013378000003285706,0.0,0.864408,86.23481508048344,1.0,5.883873512660617,0.0,
random_dense,synthetic,200.0,0.0016,A*,True,50.0,0.000818000000435859,0.0,0.559072,84.87048957087501,1.0,4.3697880872458335,0.0,
random_dense,synthetic,200.0,0.0016,wA* (w=1.2),True,50.0,0.0008617000421509147,0.0,0.559072,84.87048957087501,1.0,4.3697880872458335,0.0,
random_dense,synthetic,200.0,0.0016,NACHA*-S (w=1.0),True,23544.0,0.8110336999525316,0.12991560000227764,0.559072,84.87048957087501,1.0,4.3697880872458335,0.0,
random_dense,synthetic,200.0,0.0016,NACHA* (w=1.2),True,50.0,0.002289600030053407,0.12991560000227764,0.559072,84.87048957087501,1.0,4.3697880872458335,0.0,
random_dense,synthetic,200.0,0.0016,Oracle-risk (w=1.2),True,50.0,0.001978499989490956,0.0,0.559072,84.87048957087501,1.0,4.3697880872458335,0.0,
A8,random-fallback,18749.0,0.149992,A*,True,1548.0,0.030899300007149577,0.0,0.48268,86.33119139766075,1.0,1.1911124045649004,0.0,
A8,random-fallback,18749.0,0.149992,wA* (w=1.2),True,55.0,0.0016876999870873988,0.0,0.48268,87.20610678681959,1.0,1.244742849027664,1.0134406522073647,
A8,random-fallback,18749.0,0.149992,NACHA*-S (w=1.0),True,12563.0,0.4110948999878019,0.1120189999928698,0.48268,86.33119139766075,1.0,1.2050478006506113,0.0,
A8,random-fallback,18749.0,0.149992,NACHA* (w=1.2),True,55.0,0.0019141000229865313,0.1120189999928698,0.48268,86.42756771483805,1.0,1.230606234458664,0.11163556950508635,
A8,random-fallback,18749.0,0.149992,Oracle-risk (w=1.2),True,65.0,0.002462900010868907,0.0,0.48268,86.33119139766075,1.0,1.2076809470598244,0.0,
A7,random-fallback,39999.0,0.319992,A*,True,3514.0,0.06633609998971224,0.0,0.475448,87.7918932244465,1.0,1.0557595180117627,0.0,
A7,random-fallback,39999.0,0.319992,wA* (w=1.2),True,59.0,0.0016926000243984163,0.0,0.475448,89.54172400276416,1.0,1.0536943506779939,1.9931575844299054,
A7,random-fallback,39999.0,0.319992,NACHA*-S (w=1.0),True,16055.0,0.45685580000281334,0.1519438999821432,0.475448,87.7918932244465,1.0,1.0716908088722665,0.0,
A7,random-fallback,39999.0,0.319992,NACHA* (w=1.2),True,59.0,0.0012867999612353742,0.1519438999821432,0.475448,88.76318493078264,1.0,1.0468921014007277,1.106356943291975,
A7,random-fallback,39999.0,0.319992,Oracle-risk (w=1.2),True,2485.0,0.06753780000144616,0.0,0.475448,87.7918932244465,1.0,1.0796564543025182,0.0,
A6,random-fallback,22500.0,0.18,A*,True,2603.0,0.04493259999435395,0.0,0.500632,86.91697783528765,1.0,1.1199377866356688,0.0,
A6,random-fallback,22500.0,0.18,wA* (w=1.2),True,56.0,0.0010302999871782959,0.0,0.500632,87.88826954162381,1.0,1.1273239286221157,1.1174936479922293,
A6,random-fallback,22500.0,0.18,NACHA*-S (w=1.0),True,19750.0,0.604283900000155,0.1784269000054337,0.500632,86.91697783528767,1.0,1.140523826885956,2.220446049250313e-14,
A6,random-fallback,22500.0,0.18,NACHA* (w=1.2),True,59.0,0.002377700002398342,0.1784269000054337,0.500632,87.88826954162381,1.0,1.1273239286221157,1.1174936479922293,
A6,random-fallback,22500.0,0.18,Oracle-risk (w=1.2),True,112.0,0.0023579999688081443,0.0,0.500632,87.10973046964227,1.0,1.199137523830456,0.22176637885396033,
A10,random-fallback,28750.0,0.23,A*,True,2651.0,0.038674900017213076,0.0,0.537616,87.01335415246497,1.0,1.1233019606602535,0.0,
A10,random-fallback,28750.0,0.23,wA* (w=1.2),True,56.0,0.0010498000192455947,0.0,0.537616,87.98464585880113,1.0,1.0796564543025182,1.1162559078394585,
A10,random-fallback,28750.0,0.23,NACHA*-S (w=1.0),True,12035.0,0.36117549997288734,0.11796969996066764,0.537616,87.01335415246497,1.0,1.108948023256942,0.0,
A10,random-fallback,28750.0,0.23,NACHA* (w=1.2),True,54.0,0.0013058999902568758,0.11796969996066764,0.537616,87.20610678681959,1.0,1.115180126103918,0.22152074958159407,
A10,random-fallback,28750.0,0.23,Oracle-risk (w=1.2),True,952.0,0.02984969998942688,0.0,0.537616,87.01335415246497,1.0,1.1476674643292588,0.0,
AR001,random-fallback,43750.0,0.35,A*,True,3525.0,0.06309139996301383,0.0,0.501272,87.69551690726918,1.0,1.0159312908605036,0.0,
AR001,random-fallback,43750.0,0.35,wA* (w=1.2),True,62.0,0.0016900000046007335,0.0,0.501272,89.44534768558685,1.0,1.0076706215254276,1.9953480406164514,
AR001,random-fallback,43750.0,0.35,NACHA*-S (w=1.0),True,12365.0,0.2798581999959424,0.13721109996549785,0.501272,87.69551690726918,1.0,1.0159312908605036,0.0,
AR001,random-fallback,43750.0,0.35,NACHA* (w=1.2),True,67.0,0.0014058000524528325,0.13721109996549785,0.501272,88.66680861360533,1.0,1.0078153502334546,1.1075728162514897,
AR001,random-fallback,43750.0,0.35,Oracle-risk (w=1.2),True,3160.0,0.06876409996766597,0.0,0.501272,87.69551690726918,1.0,1.0318625817210074,0.0,
A9,random-fallback,33749.0,0.269992,A*,True,3876.0,0.08524690003832802,0.0,0.515,87.59914059009188,1.0,1.0716908088722663,0.0,
A9,random-fallback,33749.0,0.269992,wA* (w=1.2),True,58.0,0.0017535000224597752,0.0,0.515,88.66680861360534,1.0,1.0390767511672732,1.218811070886483,
A9,random-fallback,33749.0,0.269992,NACHA*-S (w=1.0),True,18746.0,0.5507972000050358,0.22371679998468608,0.515,87.59914059009188,1.0,1.0796564543025182,0.0,
A9,random-fallback,33749.0,0.269992,NACHA* (w=1.2),True,65.0,0.0013964999816380441,0.22371679998468608,0.515,88.66680861360534,1.0,1.0390767511672732,1.218811070886483,
A9,random-fallback,33749.0,0.269992,Oracle-risk (w=1.2),True,2657.0,0.04642030003014952,0.0,0.515,87.6955169072692,1.0,1.1115190360235254,0.11001970627577684,
stanford_area_2,synthetic,31250.0,0.25,A*,True,5466.0,0.12954690004698932,0.0,0.67476,89.25259505123225,1.0,1.9804060802123131,0.0,
stanford_area_2,synthetic,31250.0,0.25,wA* (w=1.2),True,67.0,0.001110200013499707,0.0,0.67476,90.80967319519532,1.0,1.9702447093140951,1.7445746457783962,
stanford_area_2,synthetic,31250.0,0.25,NACHA*-S (w=1.0),True,25625.0,0.7981352999922819,0.18788300000596792,0.67476,89.25259505123225,1.0,2.348643781191133,0.0,
stanford_area_2,synthetic,31250.0,0.25,NACHA* (w=1.2),True,484.0,0.014632100006565452,0.18788300000596792,0.67476,89.44534768558688,1.0,2.0061796985479505,0.21596305882645161,
stanford_area_2,synthetic,31250.0,0.25,Oracle-risk (w=1.2),True,7211.0,0.19146750000072643,0.0,0.67476,89.25259505123226,1.0,2.074430767442079,2.220446049250313e-14,
AR002,random-fallback,49999.0,0.399992,A*,True,4186.0,0.09642720001284033,0.0,0.48932,88.4740559792507,1.0,1.0156307004669092,0.0,
AR002,random-fallback,49999.0,0.399992,wA* (w=1.2),True,60.0,0.0010278999689035118,0.0,0.48932,89.44534768558687,1.0,1.0230118645762831,1.0978265838337498,
AR002,random-fallback,49999.0,0.399992,NACHA*-S (w=1.0),True,13391.0,0.3659472999861464,0.11843900004168972,0.48932,88.47405597925072,1.0,1.0156307004669092,2.220446049250313e-14,
AR002,random-fallback,49999.0,0.399992,NACHA* (w=1.2),True,59.0,0.001270800014026463,0.11843900004168972,0.48932,89.44534768558687,1.0,1.0230118645762831,1.0978265838337498,
AR002,random-fallback,49999.0,0.399992,Oracle-risk (w=1.2),True,3859.0,0.06947960000252351,0.0,0.48932,88.4740559792507,1.0,1.0312614009338186,0.0,
AR003,random-fallback,37499.0,0.299992,A*,True,3656.0,0.05327089998172596,0.0,0.505944,87.59914059009188,1.0,1.047793872581511,0.0,
AR003,random-fallback,37499.0,0.299992,wA* (w=1.2),True,58.0,0.0016293000080622733,0.0,0.505944,89.44534768558685,1.0,1.0306824861017108,2.10756302294568,
AR003,random-fallback,37499.0,0.299992,NACHA*-S (w=1.0),True,16329.0,0.4438979999977164,0.12792880000779405,0.505944,87.59914059009188,1.0,1.047793872581511,0.0,
AR003,random-fallback,37499.0,0.299992,NACHA* (w=1.2),True,65.0,0.0014806000399403274,0.12792880000779405,0.505944,88.66680861360533,1.0,1.062522801867637,1.218811070886483,
AR003,random-fallback,37499.0,0.299992,Oracle-risk (w=1.2),True,3115.0,0.08618919999571517,0.0,0.505944,87.59914059009188,1.0,1.047793872581511,0.0,
AR004,random-fallback,47499.0,0.379992,A*,True,4863.0,0.11614100000588223,0.0,0.502216,88.4740559792507,1.0,1.023446050700364,0.0,
AR004,random-fallback,47499.0,0.379992,wA* (w=1.2),True,66.0,0.0011004999978467822,0.0,0.502216,90.80967319519529,1.0,1.0295866830266498,2.6398893891474096,
AR004,random-fallback,47499.0,0.379992,NACHA*-S (w=1.0),True,15097.0,0.39493900001980364,0.14416480000363663,0.502216,88.4740559792507,1.0,1.0390767511672732,0.0,
AR004,random-fallback,47499.0,0.379992,NACHA* (w=1.2),True,75.0,0.002339900005608797,0.14416480000363663,0.502216,90.03113412321376,1.0,1.0225934670385326,1.759926259431599,
AR004,random-fallback,47499.0,0.379992,Oracle-risk (w=1.2),True,4211.0,0.08877630002098158,0.0,0.502216,88.57043229642802,1.0,1.062522801867637,0.10893172705896959,
BA3,movingai-file,1566.0,0.012528,A*,True,1737.0,0.02265380002791062,0.0,0.846784,86.33119139766075,1.0,4.925164487092432,0.0,
BA3,movingai-file,1566.0,0.012528,wA* (w=1.2),True,59.0,0.0009537000441923738,0.0,0.846784,87.01335415246496,1.0,4.95644285800133,0.7901695131971698,
BA3,movingai-file,1566.0,0.012528,NACHA*-S (w=1.0),True,15448.0,0.393508400011342,0.13146289996802807,0.846784,91.00995436411293,2.23606797749979,7.821878635753993,5.419551022875102,
BA3,movingai-file,1566.0,0.012528,NACHA* (w=1.2),True,138.0,0.0028055000002495944,0.13146289996802807,0.846784,87.01335415246496,1.0,5.043567362315164,0.7901695131971698,
BA3,movingai-file,1566.0,0.012528,Oracle-risk (w=1.2),True,127.0,0.002449599967803806,0.0,0.846784,86.82060151811035,1.0,5.011329293352513,0.5668983741869971,
BC1,movingai-file,2597.0,0.020776,A*,True,314.0,0.004596099955961108,0.0,0.827736,85.55265232567922,1.0,10.393304079269075,0.0,
BC1,movingai-file,2597.0,0.020776,wA* (w=1.2),True,51.0,0.0008565000025555491,0.0,0.827736,85.64902864285654,1.0,10.405475478073383,0.11265146615260235,
BC1,movingai-file,2597.0,0.020776,NACHA*-S (w=1.0),True,9563.0,0.27212500001769513,0.1707464999635704,0.827736,85.55265232567922,1.0,10.42588364133869,0.0,
BC1,movingai-file,2597.0,0.020776,NACHA* (w=1.2),True,76.0,0.0016428999952040613,0.1707464999635704,0.827736,85.55265232567922,1.0,10.405475478073383,0.0,
BC1,movingai-file,2597.0,0.020776,Oracle-risk (w=1.2),True,60.0,0.0013238000101409853,0.0,0.827736,85.55265232567922,1.0,10.42588364133869,0.0,
BC3,random-fallback,27500.0,0.22,A*,True,1392.0,0.02955069998279214,0.0,0.52196,86.33119139766076,1.0,1.0579898987322334,0.0,
BC3,random-fallback,27500.0,0.22,wA* (w=1.2),True,55.0,0.0010554999462328851,0.0,0.52196,87.20610678681959,1.0,1.0730965110070168,1.0134406522073425,
BC3,random-fallback,27500.0,0.22,NACHA*-S (w=1.0),True,11259.0,0.3077326000202447,0.13902170001529157,0.52196,86.33119139766076,1.0,1.082842712474619,0.0,
BC3,random-fallback,27500.0,0.22,NACHA* (w=1.2),True,57.0,0.002306199981831014,0.13902170001529157,0.52196,87.8882695416238,1.0,1.069837418157318,1.8036101654045122,
BC3,random-fallback,27500.0,0.22,Oracle-risk (w=1.2),True,337.0,0.011764499999117106,0.0,0.52196,86.42756771483806,1.0,1.1242640687119283,0.11163556950508635,
BC2,movingai-file,2862.0,0.022896,A*,True,2617.0,0.04283340001711622,0.0,0.837696,86.91697783528765,1.0,11.223248622191418,0.0,
BC2,movingai-file,2862.0,0.022896,wA* (w=1.2),True,59.0,0.0009399999980814755,0.0,0.837696,86.91697783528765,1.0,11.26961995170506,0.0,
BC2,movingai-file,2862.0,0.022896,NACHA*-S (w=1.0),True,14220.0,0.38358600001083687,0.1559634999721311,0.837696,86.91697783528765,1.0,12.04957684357661,0.0,
BC2,movingai-file,2862.0,0.022896,NACHA* (w=1.2),True,132.0,0.002805399999488145,0.1559634999721311,0.837696,86.91697783528765,1.0,11.349954863309188,0.0,
BC2,movingai-file,2862.0,0.022896,Oracle-risk (w=1.2),True,91.0,0.0018466999754309654,0.0,0.837696,86.91697783528765,1.0,11.311703566801961,0.0,
BA4,random-fallback,35000.0,0.28,A*,True,4086.0,0.06350759998895228,0.0,0.497736,87.69551690726918,1.0,1.0637251634420146,0.0,
BA4,random-fallback,35000.0,0.28,wA* (w=1.2),True,59.0,0.0017655999981798232,0.0,0.497736,89.44534768558685,1.0,1.0383531076271384,1.9953480406164514,
BA4,random-fallback,35000.0,0.28,NACHA*-S (w=1.0),True,15645.0,0.4465834999573417,0.15148210001643747,0.497736,87.69551690726918,1.0,1.0557595180117627,0.0,
BA4,random-fallback,35000.0,0.28,NACHA* (w=1.2),True,62.0,0.0023435999755747616,0.15148210001643747,0.497736,88.66680861360533,1.0,1.0547074516341823,1.1075728162514897,
BA4,random-fallback,35000.0,0.28,Oracle-risk (w=1.2),True,3305.0,0.09989509999286383,0.0,0.497736,87.69551690726918,1.0,1.0716908088722663,0.0,
BA5,random-fallback,40000.0,0.32,A*,True,3599.0,0.0516594999935478,0.0,0.490424,87.7918932244465,1.0,1.0318625817210074,0.0,
BA5,random-fallback,40000.0,0.32,wA* (w=1.2),True,57.0,0.0009929999941959977,0.0,0.490424,89.54172400276416,1.0,1.0383531076271384,1.9931575844299054,
BA5,random-fallback,40000.0,0.32,NACHA*-S (w=1.0),True,17219.0,0.4005155999911949,0.12514880002709106,0.490424,87.7918932244465,1.0,1.039828227151259,0.0,
BA5,random-fallback,40000.0,0.32,NACHA* (w=1.2),True,63.0,0.0021173999994061887,0.12514880002709106,0.490424,88.66680861360533,1.0,1.0312614009338186,0.9965787922149527,
BA5,random-fallback,40000.0,0.32,Oracle-risk (w=1.2),True,3000.0,0.0882945999619551,0.0,0.490424,87.7918932244465,1.0,1.0557595180117627,0.0,
BC4,random-fallback,22499.0,0.179992,A*,True,1136.0,0.031007600016891956,0.0,0.502832,86.23481508048344,1.0,1.0497056274847714,0.0,
BC4,random-fallback,22499.0,0.179992,wA* (w=1.2),True,54.0,0.0016146000125445426,0.0,0.502832,87.2061067868196,1.0,1.040609172781676,1.1263336106532407,
BC4,random-fallback,22499.0,0.179992,NACHA*-S (w=1.0),True,14035.0,0.38688509998610243,0.1652845999924466,0.502832,86.23481508048344,1.0,1.0497056274847714,0.0,
BC4,random-fallback,22499.0,0.179992,NACHA* (w=1.2),True,53.0,0.0021738000214099884,0.1652845999924466,0.502832,86.42756771483806,1.0,1.0414213562373096,0.22352066758040134,
BC4,random-fallback,22499.0,0.179992,Oracle-risk (w=1.2),True,123.0,0.006326099974103272,0.0,0.502832,86.42756771483806,1.0,1.1369775585197597,0.22352066758040134,
BA1,movingai-file,1688.0,0.013504,A*,True,3300.0,0.07084599998779595,0.0,0.821912,86.91697783528764,1.0,5.270187902019473,0.0,
BA1,movingai-file,1688.0,0.013504,wA* (w=1.2),True,53.0,0.0008764000376686454,0.0,0.821912,87.10973046964226,1.0,5.209095904034081,0.22176637885396033,
BA1,movingai-file,1688.0,0.013504,NACHA*-S (w=1.0),True,33771.0,1.2036505000432953,0.12914089998230338,0.821912,86.91697783528765,1.0,5.527285468641835,2.220446049250313e-14,
BA1,movingai-file,1688.0,0.013504,NACHA* (w=1.2),True,128.0,0.004947500012349337,0.12914089998230338,0.821912,87.59914059009188,1.0,5.354375529201727,0.784844079711311,
BA1,movingai-file,1688.0,0.013504,Oracle-risk (w=1.2),True,110.0,0.0038385000079870224,0.0,0.821912,87.59914059009188,1.0,5.312869803625097,0.784844079711311,
BR2,random-fallback,31250.0,0.25,A*,True,2184.0,0.05461599997943267,0.0,0.522888,87.01335415246497,1.0,1.1036941175229986,0.0,
BR2,random-fallback,31250.0,0.25,wA* (w=1.2),True,58.0,0.0010806000209413469,0.0,0.522888,87.8882695416238,1.0,1.0857687090178219,1.0054955330486504,
BR2,random-fallback,31250.0,0.25,NACHA*-S (w=1.0),True,13916.0,0.3673780999961309,0.14888320001773536,0.522888,87.01335415246497,1.0,1.1036941175229984,0.0,
BR2,random-fallback,31250.0,0.25,NACHA* (w=1.2),True,58.0,0.0021347999572753906,0.14888320001773536,0.522888,87.8882695416238,1.0,1.0857687090178219,1.0054955330486504,
BR2,random-fallback,31250.0,0.25,Oracle-risk (w=1.2),True,1141.0,0.03722250001737848,0.0,0.522888,87.10973046964229,1.0,1.1118159520793336,0.11076037479080814,
DA1,movingai-file,1790.0,0.01432,A*,True,426.0,0.006519600050523877,0.0,0.760464,85.55265232567922,1.0,9.720112190622553,0.0,
DA1,movingai-file,1790.0,0.01432,wA* (w=1.2),True,51.0,0.0017077999655157328,0.0,0.760464,85.55265232567922,1.0,9.740646085030697,0.0,
DA1,movingai-file,1790.0,0.01432,NACHA*-S (w=1.0),True,11727.0,0.3026100000133738,0.13874710001982749,0.760464,85.55265232567922,1.0,10.097545211637067,0.0,
DA1,movingai-file,1790.0,0.01432,NACHA* (w=1.2),True,51.0,0.0011730000260286033,0.13874710001982749,0.760464,85.55265232567922,1.0,9.70689164145315,0.0,
DA1,movingai-file,1790.0,0.01432,Oracle-risk (w=1.2),True,52.0,0.0012057000421918929,0.0,0.760464,85.55265232567922,1.0,9.727299804718456,0.0,
BR1,random-fallback,27500.0,0.22,A*,True,2298.0,0.03356099996017292,0.0,0.468328,86.91697783528767,1.0,1.0649746764506816,0.0,
BR1,random-fallback,27500.0,0.22,wA* (w=1.2),True,54.0,0.0017205000040121377,0.0,0.468328,87.20610678681959,1.0,1.0649746764506816,0.3326495682809405,
BR1,random-fallback,27500.0,0.22,NACHA*-S (w=1.0),True,15632.0,0.4663107000524178,0.1613307999796234,0.468328,86.91697783528767,1.0,1.0487310073380112,0.0,
BR1,random-fallback,27500.0,0.22,NACHA* (w=1.2),True,55.0,0.001267499988898635,0.1613307999796234,0.468328,87.9846458588011,1.0,1.0637251634420146,1.2283768374191872,
BR1,random-fallback,27500.0,0.22,Oracle-risk (w=1.2),True,2008.0,0.064038900018204,0.0,0.468328,87.10973046964229,1.0,1.0893401801196871,0.22176637885396033,
BC5,random-fallback,33750.0,0.27,A*,True,3303.0,0.055766700010281056,0.0,0.515096,87.6955169072692,1.0,1.0618717727270663,0.0,
BC5,random-fallback,33750.0,0.27,wA* (w=1.2),True,62.0,0.0018182999920099974,0.0,0.515096,91.00242582954992,1.0,1.0443800245399744,3.770898489346397,
BC5,random-fallback,33750.0,0.27,NACHA*-S (w=1.0),True,19034.0,0.5075118000386283,0.1497712999698706,0.515096,87.6955169072692,1.0,1.0618717727270663,0.0,
BC5,random-fallback,33750.0,0.27,NACHA* (w=1.2),True,72.0,0.0016121999942697585,0.1497712999698706,0.515096,89.44534768558687,1.0,1.0383531076271384,1.9953480406164514,
BC5,random-fallback,33750.0,0.27,Oracle-risk (w=1.2),True,2115.0,0.06761139997979626,0.0,0.515096,87.7918932244465,1.0,1.0937343544480735,0.10989879594325291,
DA2,movingai-file,1972.0,0.015776,A*,True,292.0,0.004399199970066547,0.0,0.816248,85.55265232567922,1.0,9.62657677722781,0.0,
DA2,movingai-file,1972.0,0.015776,wA* (w=1.2),True,53.0,0.0009473999962210655,0.0,0.816248,85.64902864285654,1.0,9.62398669483895,0.11265146615260235,
DA2,movingai-file,1972.0,0.015776,NACHA*-S (w=1.0),True,11177.0,0.29849239997565746,0.11495670001022518,0.816248,85.55265232567923,1.0,10.004211219036227,2.220446049250313e-14,
DA2,movingai-file,1972.0,0.015776,NACHA* (w=1.2),True,81.0,0.0032004000386223197,0.11495670001022518,0.816248,85.55265232567922,1.0,9.632440032846564,0.0,
DA2,movingai-file,1972.0,0.015776,Oracle-risk (w=1.2),True,60.0,0.0022532999864779413,0.0,0.816248,85.55265232567922,1.0,9.632440032846564,0.0,
BR3,random-fallback,25000.0,0.2,A*,True,2579.0,0.043653199973050505,0.0,0.505272,86.91697783528765,1.0,1.0973331380168165,0.0,
BR3,random-fallback,25000.0,0.2,wA* (w=1.2),True,53.0,0.00168599997414276,0.0,0.505272,87.20610678681957,1.0,1.1298204762421573,0.3326495682809405,
BR3,random-fallback,25000.0,0.2,NACHA*-S (w=1.0),True,15777.0,0.44146189995808527,0.125109699962195,0.505272,87.01335415246497,1.0,1.113576807129487,0.11088318942698017,
BR3,random-fallback,25000.0,0.2,NACHA* (w=1.2),True,53.0,0.0021557000000029802,0.125109699962195,0.505272,87.10973046964227,1.0,1.0974620146760223,0.22176637885396033,
BR3,random-fallback,25000.0,0.2,Oracle-risk (w=1.2),True,932.0,0.031032899976707995,0.0,0.505272,87.10973046964227,1.0,1.160418082758139,0.22176637885396033,
BR5,random-fallback,28749.0,0.229992,A*,True,2948.0,0.049118900031317025,0.0,0.541536,87.01335415246496,1.0,1.1118159520793336,0.0,
BR5,random-fallback,28749.0,0.229992,wA* (w=1.2),True,55.0,0.0017990999622270465,0.0,0.541536,87.9846458588011,1.0,1.0618717727270663,1.1162559078394363,
BR5,random-fallback,28749.0,0.229992,NACHA*-S (w=1.0),True,15264.0,0.44901839998783544,0.1235109000117518,0.541536,87.01335415246496,1.0,1.0955722829666632,0.0,
BR5,random-fallback,28749.0,0.229992,NACHA* (w=1.2),True,60.0,0.002289899974130094,0.1235109000117518,0.541536,87.9846458588011,1.0,1.1016999998783255,1.1162559078394363,
BR5,random-fallback,28749.0,0.229992,Oracle-risk (w=1.2),True,1003.0,0.02386549999937415,0.0,0.541536,87.20610678681957,1.0,1.16866879397368,0.22152074958159407,
BA2,movingai-file,1885.0,0.01508,A*,True,1397.0,0.021877899998798966,0.0,0.756656,86.23481508048343,1.0,4.161388849602646,0.0,
BA2,movingai-file,1885.0,0.01508,wA* (w=1.2),True,52.0,0.0015029000351205468,0.0,0.756656,86.33119139766075,1.0,4.188222130885173,0.11176033379021177,
BA2,movingai-file,1885.0,0.01508,NACHA*-S (w=1.0),True,43377.0,1.4902920000022277,0.12873699999181554,0.756656,93.7386053833298,4.358898943540674,8.446969157546366,8.701578702108925,
BA2,movingai-file,1885.0,0.01508,NACHA* (w=1.2),True,54.0,0.0011946000158786774,0.12873699999181554,0.756656,86.33119139766075,1.0,4.253385475615061,0.11176033379021177,
BA2,movingai-file,1885.0,0.01508,Oracle-risk (w=1.2),True,67.0,0.0014458000077866018,0.0,0.756656,86.33119139766075,1.0,4.326954616248966,0.11176033379021177,
BR4,random-fallback,35000.0,0.28,A*,True,4490.0,0.09489800001028925,0.0,0.498392,87.7918932244465,1.0,1.0159312908605036,0.0,
BR4,random-fallback,35000.0,0.28,wA* (w=1.2),True,57.0,0.0010179000091738999,0.0,0.498392,89.44534768558685,1.0,1.0383531076271384,1.883379433352883,
BR4,random-fallback,35000.0,0.28,NACHA*-S (w=1.0),True,16220.0,0.42668390000471845,0.12362829997437075,0.498392,87.7918932244465,1.0,1.0079656454302517,0.0,
BR4,random-fallback,35000.0,0.28,NACHA* (w=1.2),True,58.0,0.0012749999877996743,0.12362829997437075,0.498392,88.66680861360533,1.0,1.0390767511672732,0.9965787922149527,
BR4,random-fallback,35000.0,0.28,Oracle-risk (w=1.2),True,3562.0,0.08338699996238574,0.0,0.498392,87.88826954162381,1.0,1.1034269923313604,0.10977815107702238,
DA5,random-fallback,17499.0,0.139992,A*,True,387.0,0.007110000005923212,0.0,0.505208,85.64902864285654,1.0,1.1079265304831207,0.0,
DA5,random-fallback,17499.0,0.139992,wA* (w=1.2),True,52.0,0.0009765999857336283,0.0,0.505208,86.42756771483808,1.0,1.1698517351248277,0.9089876258000951,
DA5,random-fallback,17499.0,0.139992,NACHA*-S (w=1.0),True,9515.0,0.29138419998344034,0.13357509998604655,0.505208,85.64902864285654,1.0,1.1014400560913702,0.0,
DA5,random-fallback,17499.0,0.139992,NACHA* (w=1.2),True,52.0,0.002235200023278594,0.13357509998604655,0.505208,86.42756771483808,1.0,1.0726309148836108,0.9089876258000951,
DA5,random-fallback,17499.0,0.139992,Oracle-risk (w=1.2),True,64.0,0.0024833999923430383,0.0,0.505208,85.64902864285654,1.0,1.1248332064983493,0.0,
DA4,random-fallback,22500.0,0.18,A*,True,1075.0,0.018078000051900744,0.0,0.538144,86.23481508048344,1.0,1.1242640687119285,0.0,
DA4,random-fallback,22500.0,0.18,wA* (w=1.2),True,54.0,0.0017311000265181065,0.0,0.538144,87.10973046964229,1.0,1.1137056837886927,1.014573276863029,
DA4,random-fallback,22500.0,0.18,NACHA*-S (w=1.0),True,13156.0,0.34680460003437474,0.1265514999977313,0.538144,86.23481508048344,1.0,1.1325483399593903,0.0,
DA4,random-fallback,22500.0,0.18,NACHA* (w=1.2),True,54.0,0.001357399974949658,0.1265514999977313,0.538144,87.10973046964229,1.0,1.1476674643292588,1.014573276863029,
DA4,random-fallback,22500.0,0.18,Oracle-risk (w=1.2),True,112.0,0.002323900000192225,0.0,0.538144,86.42756771483806,1.0,1.167189356110768,0.22352066758040134,
DA3,movingai-file,1951.0,0.015608,A*,True,304.0,0.0044004000374116,0.0,0.816672,85.55265232567922,1.0,8.36239800025443,0.0,
DA3,movingai-file,1951.0,0.015608,wA* (w=1.2),True,51.0,0.0008749000262469053,0.0,0.816672,85.64902864285654,1.0,8.360474335486945,0.11265146615260235,
DA3,movingai-file,1951.0,0.015608,NACHA*-S (w=1.0),True,15316.0,0.4501886999933049,0.1288174000219442,0.816672,86.33119139766075,1.0,9.42209698173194,0.910011613687689,
DA3,movingai-file,1951.0,0.015608,NACHA* (w=1.2),True,73.0,0.0015530000091530383,0.1288174000219442,0.816672,85.55265232567922,1.0,8.368927673494559,0.0,
DA3,movingai-file,1951.0,0.015608,Oracle-risk (w=1.2),True,62.0,0.0013431999832391739,0.0,0.816672,85.64902864285654,1.0,8.394153550586392,0.11265146615260235,
stanford_area_4,synthetic,10496.0,0.083968,A*,True,37371.0,1.0758178000105545,0.0,0.949512,95.78509364774241,1.0,10.146061828056753,0.0,
stanford_area_4,synthetic,10496.0,0.083968,wA* (w=1.2),True,1633.0,0.03621670004213229,0.0,0.949512,95.78509364774247,1.0,9.377417021931587,6.661338147750939e-14,
stanford_area_4,synthetic,10496.0,0.083968,NACHA*-S (w=1.0),True,37403.0,1.4649869000422768,0.14195260003907606,0.949512,95.78509364774243,1.0,14.58380768855325,2.220446049250313e-14,
stanford_area_4,synthetic,10496.0,0.083968,NACHA* (w=1.2),True,2534.0,0.07447310001589358,0.14195260003907606,0.949512,95.78509364774247,1.0,10.019760150156255,6.661338147750939e-14,
stanford_area_4,synthetic,10496.0,0.083968,Oracle-risk (w=1.2),True,3295.0,0.08992810000199825,0.0,0.949512,95.88146996491977,1.0,10.400263852634701,0.1006172396007532,
maze512,random-fallback,24999.0,0.199992,A*,True,1261.0,0.019441100012045354,0.0,0.506456,86.23481508048344,1.0,1.074558441227157,0.0,
maze512,random-fallback,24999.0,0.199992,wA* (w=1.2),True,52.0,0.001589899999089539,0.0,0.506456,86.33119139766075,1.0,1.102842712474619,0.11176033379018957,
maze512,random-fallback,24999.0,0.199992,NACHA*-S (w=1.0),True,11809.0,0.28833360003773123,0.15172199998050928,0.506456,86.23481508048344,1.0,1.082842712474619,0.0,
maze512,random-fallback,24999.0,0.199992,NACHA* (w=1.2),True,52.0,0.0012833000509999692,0.15172199998050928,0.506456,86.33119139766075,1.0,1.0662741699796952,0.11176033379018957,
maze512,random-fallback,24999.0,0.199992,Oracle-risk (w=1.2),True,321.0,0.012317900022026151,0.0,0.506456,86.23481508048344,1.0,1.1194112549695427,0.0,
maze512-1,random-fallback,27500.0,0.22,A*,True,1529.0,0.02896560000954196,0.0,0.495392,86.33119139766075,1.0,1.091126983722081,0.0,
maze512-1,random-fallback,27500.0,0.22,wA* (w=1.2),True,55.0,0.0017050000024028122,0.0,0.495392,87.10973046964227,1.0,1.1137056837886925,0.9018050827022561,
maze512-1,random-fallback,27500.0,0.22,NACHA*-S (w=1.0),True,11097.0,0.3354031999479048,0.14995460002683103,0.495392,86.33119139766075,1.0,1.091126983722081,0.0,
maze512-1,random-fallback,27500.0,0.22,NACHA* (w=1.2),True,53.0,0.0012802000273950398,0.14995460002683103,0.495392,86.33119139766075,1.0,1.082842712474619,0.0,
maze512-1,random-fallback,27500.0,0.22,Oracle-risk (w=1.2),True,776.0,0.014887999976053834,0.0,0.495392,86.91697783528765,1.0,1.1767906285300151,0.6785339436920834,
den011d,random-fallback,37500.0,0.3,A*,True,4098.0,0.0887051000026986,0.0,0.499184,87.7918932244465,1.0,1.0159312908605036,0.0,
den011d,random-fallback,37500.0,0.3,wA* (w=1.2),True,61.0,0.0011121999705210328,0.0,0.499184,90.12751044039108,1.0,1.0527180897565755,2.660401923413813,
den011d,random-fallback,37500.0,0.3,NACHA*-S (w=1.0),True,16590.0,0.46188610000535846,0.14932639995822683,0.499184,87.7918932244465,1.0,1.0159312908605036,0.0,
den011d,random-fallback,37500.0,0.3,NACHA* (w=1.2),True,70.0,0.001438800012692809,0.14932639995822683,0.499184,88.76318493078264,1.0,1.0390767511672732,1.106356943291975,
den011d,random-fallback,37500.0,0.3,Oracle-risk (w=1.2),True,4162.0,0.10511240002233535,0.0,0.499184,87.7918932244465,1.0,1.0318625817210074,0.0,
den012d,random-fallback,43750.0,0.35,A*,True,5214.0,0.11245089996373281,0.0,0.50164,88.66680861360533,1.0,1.0312614009338186,0.0,
den012d,random-fallback,43750.0,0.35,wA* (w=1.2),True,59.0,0.0016325999749824405,0.0,0.50164,89.34897136840955,1.0,1.0153412430508553,0.7693552587157759,
den012d,random-fallback,43750.0,0.35,NACHA*-S (w=1.0),True,16364.0,0.4528872000519186,0.14524090004852042,0.50164,88.76318493078264,1.0,1.0312614009338186,0.10869492055061158,
den012d,random-fallback,43750.0,0.35,NACHA* (w=1.2),True,66.0,0.001354800013359636,0.14524090004852042,0.50164,89.34897136840954,1.0,1.0153412430508553,0.7693552587157537,
den012d,random-fallback,43750.0,0.35,Oracle-risk (w=1.2),True,4804.0,0.07928110001375899,0.0,0.50164,88.66680861360533,1.0,1.0312614009338186,0.0,
den014d,random-fallback,31249.0,0.249992,A*,True,3830.0,0.05677620001370087,0.0,0.505424,87.50276427291456,1.0,1.0796564543025182,0.0,
den014d,random-fallback,31249.0,0.249992,wA* (w=1.2),True,57.0,0.001902199990581721,0.0,0.505424,88.66680861360533,1.0,1.0547074516341823,1.330294363113138,
den014d,random-fallback,31249.0,0.249992,NACHA*-S (w=1.0),True,15736.0,0.41952260001562536,0.11386660003336146,0.505424,87.50276427291456,1.0,1.0796564543025182,0.0,
den014d,random-fallback,31249.0,0.249992,NACHA* (w=1.2),True,56.0,0.0020661000162363052,0.11386660003336146,0.505424,87.8882695416238,1.0,1.0557595180117627,0.4405635318067036,
den014d,random-fallback,31249.0,0.249992,Oracle-risk (w=1.2),True,2593.0,0.06055320001905784,0.0,0.505424,87.6955169072692,1.0,1.1335625815993327,0.2202817659033629,
den013d,random-fallback,49999.0,0.399992,A*,True,5170.0,0.1006997000076808,0.0,0.491368,88.66680861360533,1.0,1.0078153502334546,0.0,
den013d,random-fallback,49999.0,0.399992,wA* (w=1.2),True,64.0,0.0017371000139974058,0.0,0.491368,90.3202630747457,1.0,1.0301246227180434,1.8647952790833422,
den013d,random-fallback,49999.0,0.399992,NACHA*-S (w=1.0),True,15878.0,0.4063977999612689,0.17592520004836842,0.491368,88.66680861360533,1.0,1.0078153502334546,0.0,
den013d,random-fallback,49999.0,0.399992,NACHA* (w=1.2),True,62.0,0.001247700012754649,0.17592520004836842,0.491368,88.76318493078264,1.0,1.0156307004669092,0.10869492055061158,
den013d,random-fallback,49999.0,0.399992,Oracle-risk (w=1.2),True,5045.0,0.11057740001706406,0.0,0.491368,88.66680861360533,1.0,1.0156307004669092,0.0,
maze512-2,random-fallback,22500.0,0.18,A*,True,2911.0,0.04260649997740984,0.0,0.496592,86.91697783528765,1.0,1.1457777326199,0.0,
maze512-2,random-fallback,22500.0,0.18,wA* (w=1.2),True,57.0,0.001055200002156198,0.0,0.496592,88.66680861360533,1.0,1.1388578831233658,2.013220917130476,
maze512-2,random-fallback,22500.0,0.18,NACHA*-S (w=1.0),True,16393.0,0.44784370000706986,0.17944249999709427,0.496592,86.91697783528767,1.0,1.1018043858136395,2.220446049250313e-14,
maze512-2,random-fallback,22500.0,0.18,NACHA* (w=1.2),True,59.0,0.0012470000074245036,0.17944249999709427,0.496592,87.20610678681959,1.0,1.0893401801196871,0.3326495682809627,
maze512-2,random-fallback,22500.0,0.18,Oracle-risk (w=1.2),True,450.0,0.008270999998785555,0.0,0.496592,87.01335415246497,1.0,1.198851111095528,0.11088318942698017,
random_3d,random-fallback,18750.0,0.15,A*,True,3014.0,0.04220669995993376,0.0,0.534968,86.91697783528765,1.0,1.1251916923696124,0.0,
random_3d,random-fallback,18750.0,0.15,wA* (w=1.2),True,55.0,0.0010168000007979572,0.0,0.534968,87.10973046964227,1.0,1.1476674643292588,0.22176637885396033,
random_3d,random-fallback,18750.0,0.15,NACHA*-S (w=1.0),True,15483.0,0.42348320002201945,0.13372270000400022,0.534968,86.91697783528767,1.0,1.1771579970730024,2.220446049250313e-14,
random_3d,random-fallback,18750.0,0.15,NACHA* (w=1.2),True,56.0,0.001163399952929467,0.13372270000400022,0.534968,87.10973046964227,1.0,1.1476674643292588,0.22176637885396033,
random_3d,random-fallback,18750.0,0.15,Oracle-risk (w=1.2),True,714.0,0.011805900023318827,0.0,0.534968,87.10973046964227,1.0,1.222238417651501,0.22176637885396033,
maze512-3,random-fallback,31249.0,0.249992,A*,True,4198.0,0.07038889999967068,0.0,0.47976,87.59914059009188,1.0,1.0557595180117627,0.0,
maze512-3,random-fallback,31249.0,0.249992,wA* (w=1.2),True,67.0,0.0011433999752625823,0.0,0.47976,90.80967319519529,1.0,1.0591733660532994,3.6650275145125644,
maze512-3,random-fallback,31249.0,0.249992,NACHA*-S (w=1.0),True,17017.0,0.3865930000320077,0.11372259998461232,0.47976,87.59914059009188,1.0,1.0937343544480735,0.0,
maze512-3,random-fallback,31249.0,0.249992,NACHA* (w=1.2),True,84.0,0.0015758000081405044,0.11372259998461232,0.47976,89.34897136840955,1.0,1.0536943506779937,1.9975433166699252,
maze512-3,random-fallback,31249.0,0.249992,Oracle-risk (w=1.2),True,2010.0,0.030542599968612194,0.0,0.47976,87.69551690726918,1.0,1.127450326884029,0.11001970627575464,
random_3d_dense,random-fallback,37500.0,0.3,A*,True,3479.0,0.06475000001955777,0.0,0.501632,87.7918932244465,1.0,1.0238969362907555,0.0,
random_3d_dense,random-fallback,37500.0,0.3,wA* (w=1.2),True,59.0,0.0016802999889478087,0.0,0.501632,89.54172400276417,1.0,1.0383531076271384,1.9931575844299276,
random_3d_dense,random-fallback,37500.0,0.3,NACHA*-S (w=1.0),True,15342.0,0.3245085999951698,0.16215490002650768,0.501632,87.7918932244465,1.0,1.0318625817210074,0.0,
random_3d_dense,random-fallback,37500.0,0.3,NACHA* (w=1.2),True,65.0,0.001356799970380962,0.16215490002650768,0.501632,89.44534768558685,1.0,1.0153412430508553,1.883379433352883,
random_3d_dense,random-fallback,37500.0,0.3,Oracle-risk (w=1.2),True,2814.0,0.03905039996607229,0.0,0.501632,87.88826954162381,1.0,1.0637251634420146,0.10977815107702238,
spheres,synthetic,7153.0,0.057224,A*,True,40237.0,1.1221777999890037,0.0,0.92552,95.10293089293819,1.0,11.834001607063167,0.0,
spheres,synthetic,7153.0,0.057224,wA* (w=1.2),True,1871.0,0.033258099982049316,0.0,0.92552,95.10293089293826,1.0,12.704893740964915,6.661338147750939e-14,
spheres,synthetic,7153.0,0.057224,NACHA*-S (w=1.0),True,56996.0,2.088933499995619,0.13774060003925115,0.92552,95.10293089293828,1.0,16.02655647245478,8.881784197001252e-14,
spheres,synthetic,7153.0,0.057224,NACHA* (w=1.2),True,4183.0,0.0647838999866508,0.13774060003925115,0.92552,95.10293089293826,1.0,12.906084301597554,6.661338147750939e-14,
spheres,synthetic,7153.0,0.057224,Oracle-risk (w=1.2),True,3907.0,0.05599000002257526,0.0,0.92552,95.10293089293826,1.0,13.077136421746996,6.661338147750939e-14,
cube,synthetic,15625.0,0.125,A*,True,70043.0,2.0328838999848813,0.0,0.912704,101.92455844098032,1.0,10.656878745662022,0.0,
cube,synthetic,15625.0,0.125,wA* (w=1.2),True,13104.0,0.342450900003314,0.0,0.912704,101.92455844098042,1.0,6.943533147277688,8.881784197001252e-14,
cube,synthetic,15625.0,0.125,NACHA*-S (w=1.0),True,69068.0,1.4285043000127189,0.13190779997967184,0.912704,101.92455844098033,1.0,13.367237264413692,2.220446049250313e-14,
cube,synthetic,15625.0,0.125,NACHA* (w=1.2),True,14847.0,0.2273439000127837,0.13190779997967184,0.912704,101.92455844098043,1.0,8.385018646082777,1.1102230246251565e-13,
cube,synthetic,15625.0,0.125,Oracle-risk (w=1.2),True,16441.0,0.26835460000438616,0.0,0.912704,101.92455844098043,1.0,8.594619553515738,1.1102230246251565e-13,
wall_xz+cube,synthetic,17500.0,0.14,A*,False,54375.0,1.4115274000214413,0.0,0.89092,,,,,
wall_xz+cube,synthetic,17500.0,0.14,wA* (w=1.2),False,54375.0,1.4052800000063144,0.0,0.89092,,,,,
wall_xz+cube,synthetic,17500.0,0.14,NACHA*-S (w=1.0),False,54375.0,0.9375991000561044,0.13616260001435876,0.89092,,,,,
wall_xz+cube,synthetic,17500.0,0.14,NACHA* (w=1.2),False,54375.0,0.9202675999840721,0.13616260001435876,0.89092,,,,,
wall_xz+cube,synthetic,17500.0,0.14,Oracle-risk (w=1.2),False,54375.0,0.854206999996677,0.0,0.89092,,,,,
stanford_area_1,synthetic,44547.0,0.356376,A*,False,80452.0,2.4266542999539524,0.0,0.879312,,,,,
stanford_area_1,synthetic,44547.0,0.356376,wA* (w=1.2),False,80452.0,1.1980267000035383,0.0,0.879312,,,,,
stanford_area_1,synthetic,44547.0,0.356376,NACHA*-S (w=1.0),False,80452.0,1.3263590999995358,0.1752278000349179,0.879312,,,,,
stanford_area_1,synthetic,44547.0,0.356376,NACHA* (w=1.2),False,80452.0,1.2859032999840565,0.1752278000349179,0.879312,,,,,
stanford_area_1,synthetic,44547.0,0.356376,Oracle-risk (w=1.2),False,80452.0,1.972384799970314,0.0,0.879312,,,,,
stanford_area_3,synthetic,35149.0,0.281192,A*,False,89850.0,2.7840590000269003,0.0,0.960504,,,,,
stanford_area_3,synthetic,35149.0,0.281192,wA* (w=1.2),False,89850.0,1.3797100000083447,0.0,0.960504,,,,,
stanford_area_3,synthetic,35149.0,0.281192,NACHA*-S (w=1.0),False,89850.0,1.5162548000225797,0.13818179996451363,0.960504,,,,,
stanford_area_3,synthetic,35149.0,0.281192,NACHA* (w=1.2),False,89850.0,1.490522800013423,0.13818179996451363,0.960504,,,,,
stanford_area_3,synthetic,35149.0,0.281192,Oracle-risk (w=1.2),False,89850.0,1.2844303000019863,0.0,0.960504,,,,,
