env,w,lambda0,success,nodes,time_s,length,subopt_pct,min_clearance,mean_clearance,frac_within_2,nn_accuracy,bound
cube,1.0,0.0,True,70043.0,1.3597941999905743,101.92455844098032,0.0,1.0,10.656878745662022,0.0821917808219178,0.912704,1.0
cube,1.0,0.1,True,69068.0,1.8605456000077538,101.92455844098033,2.220446049250313e-14,1.0,13.367237264413692,0.0410958904109589,0.912704,1.2
cube,1.0,0.25,True,65022.0,1.8130077999667265,101.92455844098033,2.220446049250313e-14,1.0,13.367237264413692,0.0410958904109589,0.912704,1.5
cube,1.0,0.5,True,63826.0,1.6530503999674693,102.60672119578454,0.6692820309829761,1.7320508075688772,13.582388112106385,0.02702702702702703,0.912704,2.0
cube,1.0,1.0,True,63744.0,1.6816206999938004,103.28888395058875,1.33856406196593,2.449489742783178,13.78608393139757,0.0,0.912704,3.0
cube,1.2,0.0,True,13104.0,0.2415420000324957,101.92455844098042,8.881784197001252e-14,1.0,6.943533147277688,0.410958904109589,0.912704,1.2
cube,1.2,0.1,True,14847.0,0.3500130000174977,101.92455844098043,1.1102230246251565e-13,1.0,8.385018646082777,0.0410958904109589,0.912704,1.44
cube,1.2,0.25,True,17115.0,0.45424110000021756,101.92455844098043,1.1102230246251565e-13,1.0,8.810070540657625,0.0410958904109589,0.912704,1.7999999999999998
cube,1.2,0.5,True,18132.0,0.5478188000270166,102.60672119578466,0.6692820309830871,1.7320508075688772,9.179625366589818,0.02702702702702703,0.912704,2.4
cube,1.2,1.0,True,18759.0,0.4593468999955803,103.28888395058887,1.338564061966041,2.449489742783178,9.584414387752936,0.0,0.912704,3.5999999999999996
spheres,1.0,0.0,True,40237.0,1.0195148999919184,95.10293089293819,0.0,1.0,11.834001607063167,0.15873015873015872,0.92552,1.0
spheres,1.0,0.1,True,56996.0,2.098794599995017,95.10293089293828,8.881784197001252e-14,1.0,16.02655647245478,0.1111111111111111,0.92552,1.2
spheres,1.0,0.25,True,57691.0,2.337393699970562,98.51374466695935,3.586444436566194,4.58257569495584,17.691728086819836,0.0,0.92552,1.5
spheres,1.0,0.5,True,59120.0,2.2673650999786332,98.51374466695935,3.586444436566194,4.58257569495584,17.691728086819836,0.0,0.92552,2.0
spheres,1.0,1.0,True,59241.0,2.111048499995377,99.19590742176348,4.3037333238793,5.385164807134504,18.1421962390893,0.0,0.92552,3.0
spheres,1.2,0.0,True,1871.0,0.051080400007776916,95.10293089293826,6.661338147750939e-14,1.0,12.704893740964915,0.19047619047619047,0.92552,1.2
spheres,1.2,0.1,True,4183.0,0.12997459998587146,95.10293089293826,6.661338147750939e-14,1.0,12.906084301597554,0.14285714285714285,0.92552,1.44
spheres,1.2,0.25,True,7736.0,0.21334350004326552,97.83158191215513,2.8691555492529552,3.3166247903554,13.544050743686242,0.0,0.92552,1.7999999999999998
spheres,1.2,0.5,True,8301.0,0.32837970001855865,98.51374466695934,3.586444436566172,4.242640687119285,13.821756296264661,0.0,0.92552,2.4
spheres,1.2,1.0,True,10333.0,0.3296540000010282,99.19590742176356,4.3037333238793885,5.0,13.86763892393439,0.0,0.92552,3.5999999999999996
wall_xy,1.0,0.0,True,50.0,0.0013739000423811376,84.87048957087501,0.0,1.4142135623730951,12.05892556509888,0.10416666666666667,0.941496,1.0
wall_xy,1.0,0.1,True,901.0,0.02072779997251928,84.87048957087501,0.0,1.4142135623730951,12.05892556509888,0.10416666666666667,0.941496,1.2
wall_xy,1.0,0.25,True,4274.0,0.0922054999973625,84.87048957087501,0.0,1.4142135623730951,12.05892556509888,0.10416666666666667,0.941496,1.5
wall_xy,1.0,0.5,True,12826.0,0.39557130000321195,85.55265232567923,0.8037690818721632,1.0,12.324211214640258,0.061224489795918366,0.941496,2.0
wall_xy,1.0,1.0,True,25135.0,0.9651941999909468,86.91697783528767,2.4113072456164453,1.0,12.805003919356091,0.058823529411764705,0.941496,3.0
wall_xy,1.2,0.0,True,50.0,0.0017665999475866556,84.87048957087501,0.0,1.4142135623730951,12.05892556509888,0.10416666666666667,0.941496,1.2
wall_xy,1.2,0.1,True,50.0,0.0013294999953359365,84.87048957087501,0.0,1.4142135623730951,12.05892556509888,0.10416666666666667,0.941496,1.44
wall_xy,1.2,0.25,True,227.0,0.005615099973510951,84.87048957087501,0.0,1.4142135623730951,12.05892556509888,0.10416666666666667,0.941496,1.7999999999999998
wall_xy,1.2,0.5,True,2135.0,0.05182500003138557,86.23481508048344,1.607538163744282,1.0,12.516382638193216,0.08,0.941496,2.4
wall_xy,1.2,1.0,True,10930.0,0.3454284999752417,86.91697783528765,2.411307245616423,1.0,12.701826509869168,0.0784313725490196,0.941496,3.5999999999999996
wall_xz,1.0,0.0,True,50.0,0.0013531000004149973,84.87048957087501,0.0,1.4142135623730951,12.05892556509888,0.10416666666666667,0.958064,1.0
wall_xz,1.0,0.1,True,420.0,0.010032999969553202,84.87048957087501,0.0,1.4142135623730951,12.05892556509888,0.10416666666666667,0.958064,1.2
wall_xz,1.0,0.25,True,2162.0,0.04686350002884865,84.87048957087501,0.0,1.4142135623730951,12.05892556509888,0.10416666666666667,0.958064,1.5
wall_xz,1.0,0.5,True,7030.0,0.1520602999953553,85.55265232567922,0.803769081872141,1.4142135623730951,12.324211214640258,0.061224489795918366,0.958064,2.0
wall_xz,1.0,1.0,True,15392.0,0.34158309997292235,86.91697783528765,2.411307245616423,2.0,12.837233504263018,0.0196078431372549,0.958064,3.0
wall_xz,1.2,0.0,True,50.0,0.0011268999660387635,84.87048957087501,0.0,1.4142135623730951,12.05892556509888,0.10416666666666667,0.958064,1.2
wall_xz,1.2,0.1,True,50.0,0.001360700000077486,84.87048957087501,0.0,1.4142135623730951,12.05892556509888,0.10416666666666667,0.958064,1.44
wall_xz,1.2,0.25,True,102.0,0.0023798999609425664,84.87048957087501,0.0,1.4142135623730951,12.05892556509888,0.10416666666666667,0.958064,1.7999999999999998
wall_xz,1.2,0.5,True,771.0,0.014421699976082891,85.55265232567922,0.803769081872141,1.4142135623730951,12.324211214640258,0.061224489795918366,0.958064,2.4
wall_xz,1.2,1.0,True,3888.0,0.11926310003036633,86.91697783528765,2.411307245616423,1.0,12.701826509869168,0.0784313725490196,0.958064,3.5999999999999996
wall_xy+wall_xz,1.0,0.0,True,50.0,0.0012900999863632023,84.87048957087501,0.0,1.4142135623730951,12.05892556509888,0.10416666666666667,0.769448,1.0
wall_xy+wall_xz,1.0,0.1,True,3100.0,0.06742770003620535,84.87048957087501,0.0,1.4142135623730951,12.05892556509888,0.10416666666666667,0.769448,1.2
wall_xy+wall_xz,1.0,0.25,True,11616.0,0.3258060999796726,84.87048957087501,0.0,1.4142135623730951,12.05892556509888,0.10416666666666667,0.769448,1.5
wall_xy+wall_xz,1.0,0.5,True,21304.0,0.7007613999885507,85.64902864285654,0.9173260056799526,1.0,11.795918367346939,0.12244897959183673,0.769448,2.0
wall_xy+wall_xz,1.0,1.0,True,30977.0,1.1877850000164472,86.33119139766075,1.7210950875520936,1.0,12.04,0.12,0.769448,3.0
wall_xy+wall_xz,1.2,0.0,True,50.0,0.0012209999840706587,84.87048957087501,0.0,1.4142135623730951,12.05892556509888,0.10416666666666667,0.769448,1.2
wall_xy+wall_xz,1.2,0.1,True,50.0,0.0015045999898575246,84.87048957087501,0.0,1.4142135623730951,12.05892556509888,0.10416666666666667,0.769448,1.44
wall_xy+wall_xz,1.2,0.25,True,594.0,0.018475299992132932,84.87048957087501,0.0,1.4142135623730951,12.05892556509888,0.10416666666666667,0.769448,1.7999999999999998
wall_xy+wall_xz,1.2,0.5,True,8376.0,0.25151869998080656,85.64902864285654,0.9173260056799526,1.0,11.795918367346939,0.12244897959183673,0.769448,2.4
wall_xy+wall_xz,1.2,1.0,True,24275.0,0.7853216999792494,88.37767966207339,4.132402333168517,1.0,12.641509433962264,0.11320754716981132,0.769448,3.5999999999999996
wall_xz+cube,1.0,0.0,False,,,,,,,,,
wall_xz+cube,1.0,0.1,False,,,,,,,,,
wall_xz+cube,1.0,0.25,False,,,,,,,,,
wall_xz+cube,1.0,0.5,False,,,,,,,,,
wall_xz+cube,1.0,1.0,False,,,,,,,,,
wall_xz+cube,1.2,0.0,False,,,,,,,,,
wall_xz+cube,1.2,0.1,False,,,,,,,,,
wall_xz+cube,1.2,0.25,False,,,,,,,,,
wall_xz+cube,1.2,0.5,False,,,,,,,,,
wall_xz+cube,1.2,1.0,False,,,,,,,,,
random_dense+wall_xy,1.0,0.0,True,50.0,0.001470700022764504,84.87048957087501,0.0,1.0,3.8674617754261966,0.1875,0.858184,1.0
random_dense+wall_xy,1.0,0.1,True,4299.0,0.10435079998569563,84.87048957087501,0.0,1.0,3.8674617754261966,0.1875,0.858184,1.2
random_dense+wall_xy,1.0,0.25,True,16360.0,0.489758100011386,84.87048957087501,0.0,1.0,3.8674617754261966,0.1875,0.858184,1.5
random_dense+wall_xy,1.0,0.5,True,34822.0,1.1574014000361785,84.87048957087501,0.0,1.0,3.8674617754261966,0.1875,0.858184,2.0
random_dense+wall_xy,1.0,1.0,True,59606.0,1.8579067999962717,87.59914059009189,3.2150763274886085,1.0,3.6207664466751956,0.25,0.858184,3.0
random_dense+wall_xy,1.2,0.0,True,50.0,0.0027339999796822667,84.87048957087501,0.0,1.0,3.8674617754261966,0.1875,0.858184,1.2
random_dense+wall_xy,1.2,0.1,True,50.0,0.002928100002463907,84.87048957087501,0.0,1.0,3.8674617754261966,0.1875,0.858184,1.44
random_dense+wall_xy,1.2,0.25,True,254.0,0.011575000011362135,84.87048957087501,0.0,1.0,3.8674617754261966,0.1875,0.858184,1.7999999999999998
random_dense+wall_xy,1.2,0.5,True,8417.0,0.23110799997812137,84.87048957087501,0.0,1.0,3.8674617754261966,0.1875,0.858184,2.4
random_dense+wall_xy,1.2,1.0,True,36055.0,1.1096391000319272,86.91697783528767,2.4113072456164453,1.0,3.756819781113298,0.17647058823529413,0.858184,3.5999999999999996
stanford_area_2,1.0,0.0,True,5466.0,0.09238730004290119,89.25259505123225,0.0,1.0,1.9804060802123131,0.7962962962962963,0.67476,1.0
stanford_area_2,1.0,0.1,True,25625.0,0.6566285000299104,89.25259505123225,0.0,1.0,2.348643781191133,0.7407407407407407,0.67476,1.2
stanford_area_2,1.0,0.25,True,60708.0,1.8350505999987945,96.94913798843321,8.62332678706208,1.0,4.813124127676038,0.36923076923076925,0.67476,1.5
stanford_area_2,1.0,0.5,True,63134.0,1.8358761999988928,110.20688781580826,23.477516538928576,1.7320508075688772,6.895066728234915,0.011764705882352941,0.67476,2.0
stanford_area_2,1.0,1.0,True,53353.0,1.432985200022813,112.15699976304357,25.662452389943248,3.605551275463989,7.2350828426216705,0.0,0.67476,3.0
stanford_area_2,1.2,0.0,True,67.0,0.0011095000081695616,90.80967319519532,1.7445746457783962,1.0,1.9702447093140951,0.8035714285714286,0.67476,1.2
stanford_area_2,1.2,0.1,True,484.0,0.010870300000533462,89.44534768558688,0.21596305882645161,1.0,2.0061796985479505,0.7962962962962963,0.67476,1.44
stanford_area_2,1.2,0.25,True,27822.0,0.7567967000068165,93.53832421441217,4.801797819682285,1.0,3.3939985428847814,0.5166666666666667,0.67476,1.7999999999999998
stanford_area_2,1.2,0.5,True,36087.0,1.0740195999969728,110.11051149863097,23.369535009515396,2.23606797749979,6.484497866304914,0.0,0.67476,2.4
stanford_area_2,1.2,1.0,True,29846.0,0.7599387000082061,111.4748370082394,24.898146596467342,3.605551275463989,6.871428388334743,0.0,0.67476,3.5999999999999996
stanford_area_4,1.0,0.0,True,37371.0,0.9639026999939233,95.78509364774241,0.0,1.0,10.146061828056753,0.109375,0.949512,1.0
stanford_area_4,1.0,0.1,True,37403.0,1.3032294000149705,95.78509364774243,2.220446049250313e-14,1.0,14.58380768855325,0.0625,0.949512,1.2
stanford_area_4,1.0,0.25,True,39389.0,1.3954134000232443,96.46725640254662,0.7121804957595179,1.4142135623730951,14.907896764483883,0.046153846153846156,0.949512,1.5
stanford_area_4,1.0,0.5,True,41247.0,1.7135108999791555,96.46725640254662,0.7121804957595179,1.4142135623730951,14.907896764483883,0.046153846153846156,0.949512,2.0
stanford_area_4,1.0,1.0,True,42455.0,1.524752700002864,97.14941915735085,1.424360991519058,2.23606797749979,15.216766608268943,0.0,0.949512,3.0
stanford_area_4,1.2,0.0,True,1633.0,0.026396600005682558,95.78509364774247,6.661338147750939e-14,1.0,9.377417021931587,0.296875,0.949512,1.2
stanford_area_4,1.2,0.1,True,2534.0,0.06727349996799603,95.78509364774247,6.661338147750939e-14,1.0,10.019760150156255,0.078125,0.949512,1.44
stanford_area_4,1.2,0.25,True,3133.0,0.07877919997554272,96.46725640254668,0.7121804957595845,1.4142135623730951,10.38684658146568,0.046153846153846156,0.949512,1.7999999999999998
stanford_area_4,1.2,0.5,True,4094.0,0.0863147999625653,97.1494191573509,1.4243609915191024,2.23606797749979,10.397014396786297,0.0,0.949512,2.4
stanford_area_4,1.2,1.0,True,4884.0,0.1297768999938853,97.1494191573509,1.4243609915191024,2.23606797749979,10.584098423227177,0.0,0.949512,3.5999999999999996
