env,p,seed,planner,val_acc,occ_agree_vs_true,highrisk_free,train_s,success,nodes,length,excess_vs_true_opt_pct,collision,min_clr,mean_clr,near
cube,0.0,0,wA* (no risk),0.9700000286102295,1.0,,19.744048900029156,True,13104,101.92455844098042,8.881784197001252e-14,False,1.0,6.943533147277688,0.410958904109589
cube,0.0,0,NACHA*-EDT,0.9700000286102295,1.0,0.07687314285714286,19.744048900029156,True,24307,103.97104670539309,2.0078460929490394,False,3.3166247903554,9.819126070468789,0.0
cube,0.0,0,NACHA*-NN,0.9700000286102295,0.9372,0.07176228571428571,19.744048900029156,True,16601,102.60672119578466,0.6692820309830871,False,1.7320508075688772,8.703226664200395,0.02702702702702703
cube,0.01,0,wA* (no risk),0.9412500262260437,0.990352,,28.787122100009583,True,12987,101.92455844098042,8.881784197001252e-14,False,1.0,6.943533147277688,0.410958904109589
cube,0.01,0,NACHA*-EDT,0.9412500262260437,0.990352,0.44841142857142857,28.787122100009583,True,40746,103.38526026776616,1.4331205836242589,False,2.23606797749979,11.142860936856321,0.0
cube,0.01,0,NACHA*-NN,0.9412500262260437,0.953464,0.052982857142857144,28.787122100009583,True,18533,101.92455844098045,1.3322676295501878e-13,False,1.0,9.787365689304472,0.0410958904109589
cube,0.01,1,wA* (no risk),0.9487500190734863,0.990288,,27.127497599984054,True,12998,101.92455844098042,8.881784197001252e-14,False,1.0,6.943533147277688,0.410958904109589
cube,0.01,1,NACHA*-EDT,0.9487500190734863,0.990288,0.4562468571428571,27.127497599984054,True,35295,103.48163658494347,1.527677105282521,False,2.23606797749979,11.65349001102393,0.0
cube,0.01,1,NACHA*-NN,0.9487500190734863,0.956224,0.04945371428571429,27.127497599984054,True,16714,102.02093475815776,0.09455652165837325,False,1.0,9.069176726672884,0.0410958904109589
cube,0.01,2,wA* (no risk),0.9412500262260437,0.990248,,26.965983300004154,True,12986,101.92455844098042,8.881784197001252e-14,False,1.0,6.943533147277688,0.410958904109589
cube,0.01,2,NACHA*-EDT,0.9412500262260437,0.990248,0.45023085714285715,26.965983300004154,True,48017,103.96351817082999,2.000459713573677,False,2.23606797749979,10.495015930991642,0.0
cube,0.01,2,NACHA*-NN,0.9412500262260437,0.942632,0.06485028571428571,26.965983300004154,True,17185,101.92455844098045,1.3322676295501878e-13,False,1.0,9.757737696276605,0.0410958904109589
cube,0.03,0,wA* (no risk),0.9075000286102295,0.970448,,27.36320690001594,True,10840,101.33877200335353,-0.5747255093246251,True,0.0,6.998304440989879,0.4027777777777778
cube,0.03,0,NACHA*-EDT,0.9075000286102295,0.970448,0.8109348571428572,27.36320690001594,True,75394,105.0387147289065,3.055354210564909,False,2.23606797749979,11.509174638132585,0.0
cube,0.03,0,NACHA*-NN,0.9075000286102295,0.944776,0.06249142857142857,27.36320690001594,True,22400,101.92455844098045,1.3322676295501878e-13,False,1.0,9.949575438035277,0.0410958904109589
cube,0.03,1,wA* (no risk),0.8887500166893005,0.970544,,26.686621900007594,True,10802,101.43514832053084,-0.48016898766637395,True,0.0,8.716356889143299,0.1388888888888889
cube,0.03,1,NACHA*-EDT,0.8887500166893005,0.970544,0.804672,26.686621900007594,True,80566,105.33537221500146,3.346410154914903,False,3.605551275463989,13.520871219846553,0.0
cube,0.03,1,NACHA*-NN,0.8887500166893005,0.938128,0.06848914285714286,26.686621900007594,True,23348,101.53152463770813,-0.38561246600815613,True,0.0,10.872493159601971,0.06944444444444445
cube,0.03,2,wA* (no risk),0.8812500238418579,0.969664,,26.8920555000077,True,12307,101.33877200335351,-0.5747255093246362,True,0.0,6.926003926447242,0.4027777777777778
cube,0.03,2,NACHA*-EDT,0.8812500238418579,0.969664,0.8203977142857143,26.8920555000077,True,84228,103.38526026776613,1.4331205836242367,False,2.23606797749979,11.523223674486598,0.0
cube,0.03,2,NACHA*-NN,0.8812500238418579,0.94628,0.06112,26.8920555000077,True,21952,101.92455844098045,1.3322676295501878e-13,False,1.0,9.451173306029052,0.0410958904109589
cube,0.05,0,wA* (no risk),0.8600000143051147,0.950368,,27.697249899967574,True,10643,101.33877200335353,-0.5747255093246251,True,0.0,6.998304440989879,0.4027777777777778
cube,0.05,0,NACHA*-EDT,0.8600000143051147,0.950368,0.9366765714285714,27.697249899967574,True,89004,104.260175656925,2.291515657923715,False,2.0,10.537669187803454,0.02631578947368421
cube,0.05,0,NACHA*-NN,0.8600000143051147,0.936208,0.07275885714285714,27.697249899967574,True,36857,102.60672119578462,0.6692820309830427,False,1.4142135623730951,12.362408660864826,0.04054054054054054
cube,0.05,1,wA* (no risk),0.8537499904632568,0.950488,,27.747899800015148,True,10780,101.33877200335353,-0.5747255093246251,True,0.0,8.643488524597021,0.1527777777777778
cube,0.05,1,NACHA*-EDT,0.8537499904632568,0.950488,0.9340982857142857,27.747899800015148,True,94782,103.67438921929806,1.7167901485989567,False,2.23606797749979,11.428781762628933,0.0
cube,0.05,1,NACHA*-NN,0.8537499904632568,0.95016,0.05662171428571429,27.747899800015148,True,29964,102.31006370968966,0.3782260866330489,False,1.0,10.585923805638963,0.0410958904109589
cube,0.05,2,wA* (no risk),0.8387500047683716,0.949632,,27.709143999964,True,11285,101.33877200335353,-0.5747255093246251,True,0.0,7.500917694765118,0.25
cube,0.05,2,NACHA*-EDT,0.8387500047683716,0.949632,0.9365028571428572,27.709143999964,True,93582,102.0209347581577,0.09455652165830664,False,1.0,11.325966192381296,0.0684931506849315
cube,0.05,2,NACHA*-NN,0.8387500047683716,0.940392,0.067008,27.709143999964,True,33963,102.117311075335,0.18911304331652445,False,1.0,11.872576419809606,0.0547945205479452
spheres,0.0,0,wA* (no risk),0.981249988079071,1.0,,28.52233280002838,True,1871,95.10293089293826,6.661338147750939e-14,False,1.0,12.704893740964915,0.19047619047619047
spheres,0.0,0,NACHA*-EDT,0.981249988079071,1.0,0.03794750820979745,28.52233280002838,True,8446,97.83158191215513,2.8691555492529552,False,3.7416573867739413,14.014902412937136,0.0
spheres,0.0,0,NACHA*-NN,0.981249988079071,0.961456,0.04088351846037659,28.52233280002838,True,5646,97.24579547452821,2.25320561781881,False,2.449489742783178,13.355765916276216,0.0
spheres,0.01,0,wA* (no risk),0.918749988079071,0.99036,,28.417176000017207,True,1861,95.10293089293826,6.661338147750939e-14,False,1.0,12.704893740964915,0.19047619047619047
spheres,0.01,0,NACHA*-EDT,0.918749988079071,0.99036,0.42877629468717915,28.417176000017207,True,29085,100.07082281092237,5.223700122950747,False,4.242640687119285,16.465230417534613,0.0
spheres,0.01,0,NACHA*-NN,0.918749988079071,0.956304,0.04634823118110771,28.417176000017207,True,11643,97.83158191215513,2.8691555492529552,False,3.7416573867739413,13.48671380938311,0.0
spheres,0.01,1,wA* (no risk),0.925000011920929,0.990248,,28.67600819998188,True,1854,95.10293089293826,6.661338147750939e-14,False,1.0,12.704893740964915,0.19047619047619047
spheres,0.01,1,NACHA*-EDT,0.925000011920929,0.990248,0.4325693483924071,28.67600819998188,True,34215,100.45632807963163,5.629055946467099,False,3.7416573867739413,16.43411488533657,0.0
spheres,0.01,1,NACHA*-NN,0.925000011920929,0.962752,0.03950885470143491,28.67600819998188,True,12161,98.70649730131396,3.7891223483243364,False,4.58257569495584,13.811421743318805,0.0
spheres,0.01,2,wA* (no risk),0.9162499904632568,0.990384,,27.118034500046633,True,1523,95.10293089293826,6.661338147750939e-14,True,0.0,12.666634986298975,0.19047619047619047
spheres,0.01,2,NACHA*-EDT,0.9162499904632568,0.990384,0.43082980474683275,27.118034500046633,True,28474,99.28475520437782,4.39715608359883,False,3.4641016151377544,15.185590353567775,0.0
spheres,0.01,2,NACHA*-NN,0.9162499904632568,0.964976,0.03714986380646092,27.118034500046633,True,7944,97.24579547452822,2.25320561781881,False,3.0,13.224806806328655,0.0
spheres,0.03,0,wA* (no risk),0.8324999809265137,0.970272,,27.454164599999785,True,1828,95.10293089293826,6.661338147750939e-14,False,1.0,12.704893740964915,0.19047619047619047
spheres,0.03,0,NACHA*-EDT,0.8324999809265137,0.970272,0.8070294534438721,27.454164599999785,True,75891,100.07082281092241,5.223700122950792,False,2.23606797749979,14.629752656382902,0.0
spheres,0.03,0,NACHA*-NN,0.8324999809265137,0.957504,0.04507539436727282,27.454164599999785,True,49069,98.51374466695935,3.586444436566194,False,4.58257569495584,16.507902637759944,0.0
spheres,0.03,1,wA* (no risk),0.8174999952316284,0.970544,,26.918694699998014,True,1501,95.10293089293826,6.661338147750939e-14,False,1.0,12.877939922381058,0.19047619047619047
spheres,0.03,1,NACHA*-EDT,0.8174999952316284,0.970544,0.8006058703233854,26.918694699998014,True,74786,98.99562625284588,4.093139215961572,False,2.23606797749979,14.44867719165595,0.0
spheres,0.03,1,NACHA*-NN,0.8174999952316284,0.967008,0.03499452680170051,26.918694699998014,True,27642,96.85276167125593,1.839933598142851,False,2.23606797749979,15.360235939154755,0.0
spheres,0.03,2,wA* (no risk),0.8100000023841858,0.969808,,27.196727000002284,True,1506,95.10293089293826,6.661338147750939e-14,True,0.0,12.85433772844024,0.19047619047619047
spheres,0.03,2,NACHA*-EDT,0.8100000023841858,0.969808,0.8165927007051516,27.196727000002284,True,75035,97.53492442606013,2.5572224854560455,False,1.7320508075688772,14.246970785900668,0.015151515151515152
spheres,0.03,2,NACHA*-NN,0.8100000023841858,0.953872,0.04892784712381308,27.196727000002284,True,36507,95.78509364774243,0.7172888873132388,False,1.4142135623730951,12.294011965415816,0.078125
spheres,0.05,0,wA* (no risk),0.7587500214576721,0.950032,,27.481664999970235,True,1800,95.10293089293826,6.661338147750939e-14,False,1.0,12.704893740964915,0.19047619047619047
spheres,0.05,0,NACHA*-EDT,0.7587500214576721,0.950032,0.9364769574108802,27.481664999970235,True,84557,98.80287361849125,3.8904613042033853,False,2.23606797749979,14.155663131735341,0.0
spheres,0.05,0,NACHA*-NN,0.7587500214576721,0.946552,0.05669215168820589,27.481664999970235,True,41210,98.51374466695934,3.586444436566172,False,3.3166247903554,16.513306081108702,0.0
spheres,0.05,1,wA* (no risk),0.7450000047683716,0.950584,,25.598174899991136,True,1487,95.10293089293826,6.661338147750939e-14,False,1.0,12.855492088057675,0.19047619047619047
spheres,0.05,1,NACHA*-EDT,0.7450000047683716,0.950584,0.9333966923213998,25.598174899991136,True,89159,98.21708718086437,3.2745113727692843,False,2.23606797749979,15.383808802768794,0.0
spheres,0.05,1,NACHA*-NN,0.7450000047683716,0.947016,0.05619998812018974,25.598174899991136,True,38559,97.83158191215513,2.8691555492529552,False,3.7416573867739413,15.781415281784243,0.0
spheres,0.05,2,wA* (no risk),0.762499988079071,0.949928,,28.450620500021614,True,1475,95.10293089293826,6.661338147750939e-14,False,1.0,12.999376540458737,0.1746031746031746
spheres,0.05,2,NACHA*-EDT,0.762499988079071,0.949928,0.935484144696089,28.450620500021614,True,91941,98.12071086368702,3.1731724168901687,False,2.0,14.891972236477432,0.08955223880597014
spheres,0.05,2,NACHA*-NN,0.762499988079071,0.941208,0.0623605182991506,28.450620500021614,True,58504,98.51374466695937,3.586444436566194,False,4.123105625617661,14.337636211360376,0.0
stanford_area_4,0.0,0,wA* (no risk),0.9762499928474426,1.0,,27.432677300006617,True,1633,95.78509364774247,6.661338147750939e-14,False,1.0,9.377417021931587,0.296875
stanford_area_4,0.0,0,NACHA*-EDT,0.9762499928474426,1.0,0.05631244323342416,27.432677300006617,True,8477,97.83158191215513,2.1365414872786426,False,2.8284271247461903,11.247321846297012,0.0
stanford_area_4,0.0,0,NACHA*-NN,0.9762499928474426,0.956848,0.04709879130860057,27.432677300006617,True,4973,97.34217179170552,1.62559547072052,False,2.23606797749979,10.82479648891998,0.0
stanford_area_4,0.01,0,wA* (no risk),0.9437500238418579,0.9904,,27.997986700036563,True,1625,95.78509364774247,6.661338147750939e-14,False,1.0,9.377417021931587,0.296875
stanford_area_4,0.01,0,NACHA*-EDT,0.9437500238418579,0.9904,0.4384737651086425,27.997986700036563,True,27210,100.07082281092237,4.474317453758592,False,4.242640687119285,15.100354018811933,0.0
stanford_area_4,0.01,0,NACHA*-NN,0.9437500238418579,0.9538,0.05040871934604905,27.997986700036563,True,8193,96.75638535407862,1.0140322145617109,False,1.4142135623730951,10.481951394847265,0.046153846153846156
stanford_area_4,0.01,1,wA* (no risk),0.9412500262260437,0.990256,,27.624854199995752,True,1622,95.78509364774247,6.661338147750939e-14,False,1.0,9.377417021931587,0.296875
stanford_area_4,0.01,1,NACHA*-EDT,0.9412500262260437,0.990256,0.4439670229860966,27.624854199995752,True,28186,97.82405337759204,2.1286816687240195,False,2.23606797749979,13.050881572976321,0.0
stanford_area_4,0.01,1,NACHA*-NN,0.9412500262260437,0.957144,0.04666212534059946,27.624854199995752,True,6051,97.1494191573509,1.4243609915191024,False,2.23606797749979,10.57142802607669,0.0
stanford_area_4,0.01,2,wA* (no risk),0.9275000095367432,0.990296,,22.169607200019527,True,1618,95.78509364774247,6.661338147750939e-14,False,1.0,9.377417021931587,0.296875
stanford_area_4,0.01,2,NACHA*-EDT,0.9275000095367432,0.990296,0.4391462306993642,22.169607200019527,True,40060,98.79534508392821,3.142713883285686,False,2.23606797749979,10.133952208490696,0.0
stanford_area_4,0.01,2,NACHA*-NN,0.9275000095367432,0.953272,0.05085411863341019,22.169607200019527,True,8606,97.14941915735092,1.4243609915191247,False,2.23606797749979,11.51656023978373,0.0
stanford_area_4,0.03,0,wA* (no risk),0.8774999976158142,0.970224,,27.234818600001745,True,1288,95.10293089293826,-0.7121804957594624,True,0.0,9.537501843721794,0.2857142857142857
stanford_area_4,0.03,0,NACHA*-EDT,0.8774999976158142,0.970224,0.8111245022007965,27.234818600001745,True,64691,99.38866005611818,3.762136957999096,False,2.23606797749979,13.08037601429364,0.0
stanford_area_4,0.03,0,NACHA*-NN,0.8774999976158142,0.948408,0.05596311045902327,27.234818600001745,True,21744,97.24579547452821,1.5249782311198112,False,2.23606797749979,12.54994621495164,0.0
stanford_area_4,0.03,1,wA* (no risk),0.8587499856948853,0.970488,,26.085624500003178,True,1036,95.19930721011555,-0.6115632561587758,True,0.0,9.613895502379616,0.2857142857142857
stanford_area_4,0.03,1,NACHA*-EDT,0.8587499856948853,0.970488,0.8038059805770977,26.085624500003178,True,66470,97.72767706041476,2.028064429123355,False,2.23606797749979,13.277543254790839,0.0
stanford_area_4,0.03,1,NACHA*-NN,0.8587499856948853,0.952624,0.05145671766925173,26.085624500003178,True,17053,97.2457954745282,1.524978231119789,False,2.23606797749979,11.838001473869483,0.0
stanford_area_4,0.03,2,wA* (no risk),0.8362500071525574,0.969616,,11.699624500004575,True,1598,95.78509364774247,6.661338147750939e-14,False,1.0,9.377417021931587,0.296875
stanford_area_4,0.03,2,NACHA*-EDT,0.8362500071525574,0.969616,0.8198752881995389,11.699624500004575,True,72536,97.72767706041473,2.0280644291233108,False,2.23606797749979,11.404065902245641,0.0
stanford_area_4,0.03,2,NACHA*-NN,0.8362500071525574,0.94652,0.05832984000558932,11.699624500004575,True,14205,97.2457954745282,1.524978231119789,False,2.23606797749979,11.787384681934443,0.0
stanford_area_4,0.05,0,wA* (no risk),0.8187500238418579,0.949888,,7.771564800001215,True,1275,95.10293089293826,-0.7121804957594624,True,0.0,9.537501843721794,0.2857142857142857
stanford_area_4,0.05,0,NACHA*-EDT,0.8187500238418579,0.949888,0.9367620345140781,7.771564800001215,True,76332,96.26697523362903,0.5030861980035883,False,1.0,10.845311934582552,0.078125
stanford_area_4,0.05,0,NACHA*-NN,0.8187500238418579,0.934456,0.07155208551666317,7.771564800001215,True,38914,97.43854810888286,1.726212710321251,False,2.23606797749979,11.82290310446704,0.0
stanford_area_4,0.05,1,wA* (no risk),0.7975000143051147,0.95056,,25.543186100025196,True,1027,95.19930721011555,-0.6115632561587758,True,0.0,9.5980224865066,0.2857142857142857
stanford_area_4,0.05,1,NACHA*-EDT,0.7975000143051147,0.95056,0.933993572276951,25.543186100025196,True,81806,98.02433454650975,2.33777596648006,False,1.4142135623730951,11.78419199548894,0.04477611940298507
stanford_area_4,0.05,1,NACHA*-NN,0.7975000143051147,0.9498,0.05467931251309998,25.543186100025196,True,31735,96.4672564025467,0.7121804957595845,False,1.4142135623730951,10.56292936488084,0.046153846153846156
stanford_area_4,0.05,2,wA* (no risk),0.7862499952316284,0.949648,,27.138369799999055,True,1291,95.78509364774247,6.661338147750939e-14,False,1.0,9.993113858136379,0.125
stanford_area_4,0.05,2,NACHA*-EDT,0.7862499952316284,0.949648,0.9362642353105568,27.138369799999055,True,80557,96.7563853540786,1.0140322145616887,False,1.0,11.027733704245664,0.07692307692307693
stanford_area_4,0.05,2,NACHA*-NN,0.7862499952316284,0.952368,0.05189338363725285,27.138369799999055,True,35096,96.46725640254668,0.7121804957595845,False,1.4142135623730951,10.961788482519383,0.046153846153846156
wall_xy+wall_xz,0.0,0,wA* (no risk),0.9300000071525574,1.0,,27.873719200026244,True,50,84.87048957087501,0.0,False,1.4142135623730951,12.05892556509888,0.10416666666666667
wall_xy+wall_xz,0.0,0,NACHA*-EDT,0.9300000071525574,1.0,0.15670678382542788,27.873719200026244,True,1350,84.87048957087501,0.0,False,1.4142135623730951,12.05892556509888,0.10416666666666667
wall_xy+wall_xz,0.0,0,NACHA*-NN,0.9300000071525574,0.847256,0.1590221963103319,27.873719200026244,True,5120,84.87048957087501,0.0,False,1.4142135623730951,12.05892556509888,0.10416666666666667
wall_xy+wall_xz,0.01,0,wA* (no risk),0.856249988079071,0.990304,,27.05423209996661,True,51,85.55265232567922,0.803769081872141,False,1.4142135623730951,12.302620961729515,0.10204081632653061
wall_xy+wall_xz,0.01,0,NACHA*-EDT,0.856249988079071,0.990304,0.49859659351184776,27.05423209996661,True,19416,91.4918359499995,7.801706355888327,False,1.4142135623730951,12.032077668855196,0.08771929824561403
wall_xy+wall_xz,0.01,0,NACHA*-NN,0.856249988079071,0.81256,0.19514429683921208,27.05423209996661,True,8466,85.55265232567922,0.803769081872141,False,1.4142135623730951,12.241396471933596,0.10204081632653061
wall_xy+wall_xz,0.01,1,wA* (no risk),0.8174999952316284,0.990152,,25.924970699998084,True,50,84.87048957087501,0.0,False,1.4142135623730951,12.05892556509888,0.10416666666666667
wall_xy+wall_xz,0.01,1,NACHA*-EDT,0.8174999952316284,0.990152,0.5029442385374588,25.924970699998084,True,19457,88.66680861360534,4.473073104591951,False,1.4142135623730951,11.732611832542382,0.09433962264150944
wall_xy+wall_xz,0.01,1,NACHA*-NN,0.8174999952316284,0.818528,0.18893099571065672,25.924970699998084,True,9730,84.87048957087501,0.0,False,1.4142135623730951,12.05892556509888,0.10416666666666667
wall_xy+wall_xz,0.01,2,wA* (no risk),0.8050000071525574,0.9904,,7.487629599985667,True,50,84.87048957087501,0.0,False,1.4142135623730951,12.05892556509888,0.10416666666666667
wall_xy+wall_xz,0.01,2,NACHA*-EDT,0.8050000071525574,0.9904,0.5024528380460583,7.487629599985667,True,17823,90.03113412321377,6.080611268336256,False,1.4142135623730951,12.14233503863175,0.09090909090909091
wall_xy+wall_xz,0.01,2,NACHA*-NN,0.8050000071525574,0.824368,0.18285095573231167,7.487629599985667,True,8892,84.87048957087501,0.0,False,1.4142135623730951,12.05892556509888,0.10416666666666667
wall_xy+wall_xz,0.03,0,wA* (no risk),0.7200000286102295,0.970088,,7.611861600016709,True,51,85.55265232567922,0.803769081872141,False,1.4142135623730951,12.302620961729515,0.10204081632653061
wall_xy+wall_xz,0.03,0,NACHA*-EDT,0.7200000286102295,0.970088,0.8289593137050764,7.611861600016709,True,27403,92.6634088252533,9.182130672016985,False,1.4142135623730951,12.590312324148242,0.0847457627118644
wall_xy+wall_xz,0.03,0,NACHA*-NN,0.7200000286102295,0.795352,0.21305959272060968,7.611861600016709,True,10036,85.55265232567922,0.803769081872141,False,1.0,12.282212798464208,0.10204081632653061
wall_xy+wall_xz,0.03,1,wA* (no risk),0.7262499928474426,0.970232,,16.191397699993104,True,52,85.64902864285654,0.9173260056799526,False,1.0,11.795918367346939,0.12244897959183673
wall_xy+wall_xz,0.03,1,NACHA*-EDT,0.7262499928474426,0.970232,0.8279598550784991,16.191397699993104,True,55417,90.03113412321376,6.080611268336233,False,1.4142135623730951,11.287789584086294,0.12727272727272726
wall_xy+wall_xz,0.03,1,NACHA*-NN,0.7262499928474426,0.786856,0.22190480156581852,16.191397699993104,True,14750,85.55265232567922,0.803769081872141,False,1.0,11.795918367346939,0.12244897959183673
wall_xy+wall_xz,0.03,2,wA* (no risk),0.7237499952316284,0.970096,,23.720183599973097,True,51,85.55265232567922,0.803769081872141,False,1.4142135623730951,12.302620961729515,0.10204081632653061
wall_xy+wall_xz,0.03,2,NACHA*-EDT,0.7237499952316284,0.970096,0.8368217215674842,23.720183599973097,True,54665,89.93475780603644,5.967054344528422,False,1.0,11.305971402268113,0.12727272727272726
wall_xy+wall_xz,0.03,2,NACHA*-NN,0.7237499952316284,0.793544,0.2149419064673302,23.720183599973097,True,20770,85.55265232567923,0.8037690818721632,False,1.0,11.976090349484616,0.10204081632653061
wall_xy+wall_xz,0.05,0,wA* (no risk),0.643750011920929,0.9498,,28.74698759999592,True,51,85.55265232567922,0.803769081872141,False,1.4142135623730951,12.302620961729515,0.10204081632653061
wall_xy+wall_xz,0.05,0,NACHA*-EDT,0.643750011920929,0.9498,0.9438220963644692,28.74698759999592,True,45075,90.71329687801799,6.884380350208397,False,1.4142135623730951,11.621936198656183,0.08928571428571429
wall_xy+wall_xz,0.05,0,NACHA*-NN,0.643750011920929,0.740032,0.2706533960771249,28.74698759999592,True,12092,85.55265232567922,0.803769081872141,False,1.0,11.795918367346939,0.12244897959183673
wall_xy+wall_xz,0.05,1,wA* (no risk),0.6987500190734863,0.950368,,29.198635300039314,True,52,85.64902864285654,0.9173260056799526,False,1.0,11.795918367346939,0.12244897959183673
wall_xy+wall_xz,0.05,1,NACHA*-EDT,0.6987500190734863,0.950368,0.942589430725024,29.198635300039314,True,59795,91.4918359499995,7.801706355888327,False,1.4142135623730951,11.768919774118354,0.10526315789473684
wall_xy+wall_xz,0.05,1,NACHA*-NN,0.6987500190734863,0.757336,0.2526381543330696,29.198635300039314,True,17715,85.64902864285654,0.9173260056799526,False,1.0,11.795918367346939,0.12244897959183673
wall_xy+wall_xz,0.05,2,wA* (no risk),0.6737499833106995,0.949872,,26.947927000001073,True,52,86.42756771483806,1.8346520113599052,False,1.0,11.76,0.12
wall_xy+wall_xz,0.05,2,NACHA*-EDT,0.6737499833106995,0.949872,0.9422063049181694,26.947927000001073,True,56538,91.49183594999953,7.801706355888349,False,1.4142135623730951,11.189972405697302,0.10526315789473684
wall_xy+wall_xz,0.05,2,NACHA*-NN,0.6737499833106995,0.781816,0.22715195935534918,26.947927000001073,True,12199,85.55265232567922,0.803769081872141,False,1.0,11.795918367346939,0.12244897959183673
