env,N,voxels,occ_MB,field_MB,net_KB,t_edt_s,t_nn_dense_s,nn_grid_acc,lazy_queries,lazy_frac,lazy_cache_MB,t_plan_lazy_s,t_plan_dense_s,same_path
cube,20,8000,0.00762939453125,0.030517578125,0.0,0.00715024999999514,0.018746245999977873,0.94375,2443.0,0.305375,0.14910888671875,0.07578064599999834,0.02409293699997761,True
cube,50,125000,0.11920928955078125,0.476837158203125,0.0,0.016568446999997377,0.4220487260000141,0.933328,21586.0,0.172688,1.3175048828125,1.1887691239999754,0.5872855320000099,True
cube,100,1000000,0.95367431640625,3.814697265625,0.0,0.1135610690000135,2.62130649300002,0.927323,150875.0,0.150875,9.20867919921875,14.357477233000054,8.521105674999944,True
cube,200,8000000,7.62939453125,30.517578125,0.0,1.020140448999996,20.390712215999997,0.924173125,,,,,,
spheres,20,8000,0.00762939453125,0.030517578125,0.0,0.001582395000014003,0.010723263999921073,0.95975,1845.0,0.230625,0.11260986328125,0.04159945899994,0.009065223999982663,True
spheres,50,125000,0.11920928955078125,0.476837158203125,0.0,0.009594569000000774,0.3006551800000352,0.943248,8133.0,0.065064,0.49639892578125,0.5202951280000434,0.09018474699996659,True
spheres,100,1000000,0.95367431640625,3.814697265625,0.0,0.11259722500005864,2.520797028000061,0.947908,38160.0,0.03816,2.3291015625,2.2062600620000694,1.093325848999939,True
spheres,200,8000000,7.62939453125,30.517578125,0.0,1.0116225560000203,19.954841413000054,0.94625325,,,,,,
stanford_area_4,20,8000,0.00762939453125,0.030517578125,0.0,0.0017233490000307938,0.008548593000000437,0.94475,1333.0,0.166625,0.08135986328125,0.023328550999963227,0.003722175000007155,True
stanford_area_4,50,125000,0.11920928955078125,0.476837158203125,0.0,0.016205204999891976,0.29504406399996697,0.94892,7747.0,0.061976,0.47283935546875,0.3358192450000388,0.09615783600008854,True
stanford_area_4,100,1000000,0.95367431640625,3.814697265625,0.0,0.11138796299997011,2.5268382489999794,0.947106,37715.0,0.037715,2.30194091796875,2.43694602700009,1.1897222840000268,True
stanford_area_4,200,8000000,7.62939453125,30.517578125,0.0,1.1563629199999923,20.723662185999956,0.95047625,,,,,,
